volcano,start,start_error,start_year,stop,stop_error,stop_year,duration,confirmed,vei
Kīlauea,2024-06-03,0,2024,2024-06-03,0,2024,0,TRUE,NA
Atka Volcanic Complex,2024-03-27,0,2024,2024-03-27,0,2024,0,TRUE,NA
Ahyi,2024-01-01,0,2024,2024-03-27,0,2024,86,TRUE,NA
Kanaga,2023-12-18,0,2023,2023-12-18,0,2023,0,TRUE,1
Ruby,2023-09-14,0,2023,2023-09-15,0,2023,1,TRUE,1
Shishaldin,2023-07-11,1,2023,2023-11-03,0,2023,115,TRUE,3
Mauna Loa,2022-11-27,0,2022,2022-12-10,0,2022,13,TRUE,0
Ahyi,2022-11-18,1,2022,2023-06-11,0,2023,205,TRUE,1
Kīlauea,2021-09-29,0,2021,2023-09-16,0,2023,717,TRUE,0
Pavlof,2021-08-05,0,2021,2022-12-07,0,2022,489,TRUE,2
Pagan,2021-07-29,0,2021,2021-09-06,0,2021,39,TRUE,2
Great Sitkin,2021-05-25,0,2021,2024-07-23,0,2024,1155,TRUE,2
Veniaminof,2021-02-28,0,2021,2021-04-05,0,2021,36,TRUE,1
Semisopochnoi,2021-02-02,2,2021,2023-05-05,0,2023,822,TRUE,2
Kīlauea,2020-12-20,0,2020,2021-05-23,0,2021,154,TRUE,0
Cleveland,2020-06-01,0,2020,2020-06-01,0,2020,0,TRUE,3
Semisopochnoi,2019-12-07,0,2019,2020-06-19,0,2020,195,TRUE,1
Cleveland,2019-11-07,0,2019,2019-12-07,0,2019,30,FALSE,NA
Shishaldin,2019-07-23,0,2019,2020-05-04,0,2020,286,TRUE,3
Semisopochnoi,2019-07-16,0,2019,2019-08-24,0,2019,39,TRUE,1
Great Sitkin,2019-06-01,0,2019,2019-06-07,0,2019,6,TRUE,1
Semisopochnoi,2018-09-08,0,2018,2018-10-31,0,2018,53,TRUE,1
Veniaminof,2018-09-04,0,2018,2018-12-23,0,2018,110,TRUE,1
Great Sitkin,2018-06-10,0,2018,2018-08-11,0,2018,62,TRUE,1
Bogoslof,2016-12-20,0,2016,2017-08-30,0,2017,253,TRUE,3
Cleveland,2016-04-16,0,2016,2019-01-16,0,2019,1005,TRUE,2
Pavlof,2016-03-27,0,2016,2016-07-30,0,2016,125,TRUE,3
Pavlof,2014-11-12,0,2014,2014-11-15,0,2014,3,TRUE,3
Pavlof,2014-05-31,0,2014,2014-06-06,0,2014,6,TRUE,3
Ahyi,2014-04-24,0,2014,2014-05-17,0,2014,23,TRUE,2
Shishaldin,2014-01-30,0,2014,2015-07-03,0,2015,519,TRUE,1
Veniaminof,2013-06-13,0,2013,2013-10-12,1,2013,121,TRUE,3
Pavlof,2013-05-13,0,2013,2013-06-26,0,2013,44,TRUE,3
Mariana Back-Arc Segment at 15.5°N,2013-02-13,0,2013,2015-12-01,0,2015,1021,TRUE,0
Pagan,2012-07-10,0,2012,2012-07-10,0,2012,0,TRUE,2
Kanaga,2012-02-18,0,2012,2012-02-18,0,2012,0,TRUE,2
Cleveland,2011-07-19,7,2011,2015-08-18,0,2015,1491,TRUE,2
Pagan,2011-04-23,0,2011,2011-09-01,0,2011,131,TRUE,2
Cleveland,2010-09-11,0,2010,2010-09-12,0,2010,1,FALSE,NA
Cleveland,2010-05-30,0,2010,2010-06-02,0,2010,3,TRUE,2
South Sarigan Seamount,2010-05-27,0,2010,2010-05-29,0,2010,2,TRUE,3
Pagan,2010-05-03,0,2010,2010-08-11,0,2010,100,TRUE,1
Cleveland,2009-10-02,0,2009,2009-12-12,0,2009,71,TRUE,2
Cleveland,2009-06-25,0,2009,2009-06-25,0,2009,0,TRUE,2
Pagan,2009-04-15,0,2009,NA,0,NA,NA,FALSE,NA
Redoubt,2009-03-15,0,2009,2009-07-01,30,2009,108,TRUE,3
Cleveland,2009-01-02,0,2009,2009-01-21,0,2009,19,TRUE,2
Kasatochi,2008-08-07,0,2008,2008-08-09,0,2008,2,TRUE,4
Okmok,2008-07-12,0,2008,2008-08-19,0,2008,38,TRUE,4
Veniaminof,2008-02-22,0,2008,2008-03-01,0,2008,8,TRUE,1
Shishaldin,2008-02-12,0,2008,2008-02-12,0,2008,0,FALSE,NA
Anatahan,2007-11-27,3,2007,2008-08-09,0,2008,256,TRUE,2
Pavlof,2007-08-15,0,2007,2007-09-13,0,2007,29,TRUE,2
Cleveland,2007-06-17,0,2007,2008-08-12,0,2008,422,TRUE,2
Pagan,2006-12-04,0,2006,2006-12-08,0,2006,4,TRUE,1
Atka Volcanic Complex,2006-11-25,5,2006,2007-03-03,0,2007,98,TRUE,1
Fourpeaked,2006-09-17,0,2006,2006-09-17,0,2006,0,TRUE,2
Anatahan,2006-03-20,0,2006,2006-06-26,0,2006,98,TRUE,2
Veniaminof,2006-03-03,0,2006,2006-09-07,0,2006,188,TRUE,1
Cleveland,2006-02-06,0,2006,2006-10-28,0,2006,264,TRUE,3
Augustine,2005-12-09,0,2005,2006-04-27,0,2006,139,TRUE,3
Veniaminof,2005-09-07,0,2005,2005-11-04,0,2005,58,TRUE,1
Cleveland,2005-03-13,0,2005,2005-11-27,1,2005,259,TRUE,2
Atka Volcanic Complex,2005-02-23,0,2005,2005-05-05,4,2005,71,TRUE,1
Veniaminof,2005-01-04,0,2005,2005-02-14,3,2005,41,TRUE,2
St. Helens,2004-10-01,0,2004,2008-01-27,10,2008,1213,TRUE,2
Atka Volcanic Complex,2004-07-04,0,2004,NA,0,NA,NA,TRUE,1
Anatahan,2004-04-12,0,2004,2005-09-03,0,2005,509,TRUE,3
Shishaldin,2004-02-17,0,2004,2004-07-16,15,2004,150,TRUE,2
Veniaminof,2004-02-16,0,2004,2004-09-05,4,2004,202,TRUE,2
NW Rota-1,2003-07-02,182,2003,2010-03-16,15,2010,2449,TRUE,0
Anatahan,2003-05-10,0,2003,2003-07-12,3,2003,63,TRUE,3
Vailulu'u,2003-04-16,730.5,2003,NA,0,NA,NA,TRUE,0
Veniaminof,2002-09-24,0,2002,2003-03-23,0,2003,180,TRUE,1
Wrangell,2002-08-01,0,2002,2002-08-02,0,2002,1,FALSE,NA
Atka Volcanic Complex,2002-07-16,15,2002,NA,0,NA,NA,TRUE,1
Pavlof,2001-06-05,4,2001,NA,0,NA,NA,FALSE,NA
Ahyi,2001-04-24,0,2001,2001-04-25,0,2001,1,TRUE,0
Cleveland,2001-02-02,0,2001,2001-04-15,0,2001,72,TRUE,3
Shishaldin,2000-08-11,0,2000,NA,0,NA,NA,FALSE,NA
Shishaldin,1999-09-25,5,1999,2000-02-04,0,2000,132,FALSE,NA
Wrangell,1999-05-14,0,1999,1999-05-14,0,1999,0,FALSE,NA
Shishaldin,1999-03-13,0,1999,1999-05-27,0,1999,75,TRUE,3
Shishaldin,1998-11-04,0,1998,1998-11-04,0,1998,0,TRUE,1
Chiginagak,1998-08-13,0,1998,1998-08-13,0,1998,0,TRUE,1
Atka Volcanic Complex,1998-05-08,1,1998,1998-07-08,0,1998,61,TRUE,3
Shishaldin,1997-06-02,0,1997,1997-06-02,0,1997,0,TRUE,1
Cleveland,1997-05-05,0,1997,1997-05-05,0,1997,0,TRUE,2
Amukta,1997-03-03,0,1997,NA,0,NA,NA,TRUE,1
Okmok,1997-02-11,0,1997,1997-05-19,4,1997,97,TRUE,3
Gareloi,1996-09-27,0,1996,NA,0,NA,NA,FALSE,NA
Amukta,1996-09-17,0,1996,1996-09-18,0,1996,1,TRUE,1
Pavlof,1996-09-11,0,1996,1997-01-03,0,1997,114,TRUE,2
Pagan,1996-07-02,182,1996,NA,0,NA,NA,TRUE,1
Kanaga,1996-06-11,0,1996,NA,0,NA,NA,FALSE,NA
North Gorda Ridge Segment,1996-02-28,0,1996,1996-03-15,0,1996,16,TRUE,0
Kama'ehuakanaloa,1996-02-25,30,1996,1996-08-09,0,1996,166,TRUE,0
Shishaldin,1995-12-23,0,1995,1996-05-16,0,1996,145,TRUE,3
Veniaminof,1995-11-15,0,1995,1995-11-30,0,1995,15,TRUE,1
Ruby,1995-10-11,0,1995,1995-10-25,0,1995,14,TRUE,1
Kanaga,1995-06-19,0,1995,1995-06-23,0,1995,4,TRUE,2
Atka Volcanic Complex,1995-05-01,0,1995,NA,0,NA,NA,FALSE,NA
Veniaminof,1995-04-17,0,1995,1995-04-17,0,1995,0,TRUE,1
Makushin,1995-01-30,0,1995,1995-01-30,0,1995,0,TRUE,1
Vailulu'u,1995-01-09,0,1995,1995-01-29,0,1995,20,TRUE,0
Cleveland,1994-10-20,0,1994,1994-10-20,0,1994,0,TRUE,1
Cleveland,1994-05-25,0,1994,1994-05-25,0,1994,0,TRUE,3
Ahyi,1994-04-23,0,1994,NA,0,NA,NA,TRUE,0
Kanaga,1994-01-05,4,1994,1994-11-26,4,1994,325,TRUE,2
Shishaldin,1993-09-04,0,1993,1993-10-29,0,1993,55,TRUE,2
Makushin,1993-08-16,15,1993,1994-01-19,0,1994,156,TRUE,1
Veniaminof,1993-07-30,0,1993,1994-09-28,0,1994,425,TRUE,2
Seguam,1993-05-28,0,1993,1993-08-31,0,1993,95,TRUE,2
Pagan,1993-01-15,5,1993,1993-11-16,15,1993,305,TRUE,2
Seguam,1992-12-27,0,1992,1992-12-30,0,1992,3,TRUE,2
Akutan,1992-12-18,0,1992,NA,0,NA,NA,TRUE,1
Bogoslof,1992-07-06,0,1992,1992-07-24,0,1992,18,TRUE,3
Spurr,1992-06-27,0,1992,1992-09-17,0,1992,82,TRUE,4
Pagan,1992-04-13,0,1992,1992-04-13,0,1992,0,TRUE,1
Akutan,1992-03-08,0,1992,1992-05-21,0,1992,74,TRUE,2
Westdahl,1991-11-29,0,1991,1992-01-14,0,1992,46,TRUE,3
Akutan,1991-09-15,0,1991,1991-10-29,1,1991,44,TRUE,2
St. Helens,1990-11-05,0,1990,1991-02-14,0,1991,101,TRUE,3
Akutan,1990-09-06,0,1990,1990-10-01,0,1990,25,TRUE,2
Kiska,1990-06-01,0,1990,1990-06-01,0,1990,0,TRUE,2
Pavlof,1990-03-05,0,1990,1990-03-05,0,1990,0,TRUE,2
Akutan,1990-01-26,5,1990,1990-01-26,5,1990,0,TRUE,2
Redoubt,1989-12-14,0,1989,1990-06-20,0,1990,188,TRUE,3
St. Helens,1989-12-07,0,1989,1990-01-06,0,1990,30,TRUE,2
Cleveland,1989-10-25,3,1989,NA,0,NA,NA,FALSE,NA
Ahyi,1989-09-21,0,1989,1989-12-27,0,1989,97,TRUE,0
Gareloi,1989-08-17,0,1989,NA,0,NA,NA,TRUE,1
Akutan,1989-02-27,0,1989,1989-03-28,0,1989,29,TRUE,2
Pagan,1988-08-24,0,1988,1988-10-12,0,1988,49,TRUE,2
Akutan,1988-03-26,0,1988,1988-07-20,0,1988,116,TRUE,2
Pagan,1988-02-16,0,1988,NA,0,NA,NA,FALSE,NA
Carlisle,1987-11-16,0,1987,NA,0,NA,NA,FALSE,NA
Pagan,1987-09-04,0,1987,1987-09-04,0,1987,0,TRUE,1
Amukta,1987-09-04,0,1987,NA,0,NA,NA,TRUE,1
Gareloi,1987-09-04,0,1987,NA,0,NA,NA,TRUE,1
Cleveland,1987-06-19,0,1987,1987-08-28,0,1987,70,TRUE,3
Esmeralda Bank,1987-05-26,0,1987,NA,0,NA,NA,FALSE,NA
Kiska,1987-04-15,0,1987,NA,0,NA,NA,FALSE,NA
Semisopochnoi,1987-04-13,0,1987,NA,0,NA,NA,TRUE,2
Veniaminof,1987-03-19,0,1987,1987-03-19,0,1987,0,TRUE,1
Great Sitkin,1987-03-18,0,1987,NA,0,NA,NA,FALSE,NA
Kupreanof,1987-03-10,0,1987,1987-03-10,0,1987,0,FALSE,NA
Atka Volcanic Complex,1987-03-04,0,1987,1987-03-19,0,1987,15,TRUE,2
Makushin,1987-03-02,0,1987,1987-03-02,0,1987,0,TRUE,1
Akutan,1987-01-31,0,1987,1987-06-24,0,1987,144,TRUE,2
Okmok,1986-11-18,0,1986,1988-02-26,0,1988,465,TRUE,2
Kama'ehuakanaloa,1986-09-20,0,1986,1986-09-20,0,1986,0,FALSE,NA
Atka Volcanic Complex,1986-05-23,0,1986,NA,0,NA,NA,FALSE,NA
Cleveland,1986-04-28,0,1986,1986-05-27,0,1986,29,TRUE,2
Pavlof,1986-04-16,0,1986,1988-08-13,0,1988,850,TRUE,3
Augustine,1986-03-27,0,1986,1986-08-31,0,1986,157,TRUE,4
Shishaldin,1986-03-19,0,1986,1987-02-15,0,1987,333,TRUE,2
Akutan,1986-03-18,0,1986,1986-06-30,0,1986,104,TRUE,2
Cleveland,1985-12-10,0,1985,NA,0,NA,NA,FALSE,NA
Ahyi,1985-08-02,0,1985,1985-09-05,0,1985,34,TRUE,0
Veniaminof,1984-11-29,0,1984,1984-12-06,0,1984,7,TRUE,2
Kama'ehuakanaloa,1984-11-11,0,1984,1985-01-21,0,1985,71,FALSE,NA
Cleveland,1984-07-12,0,1984,1984-07-12,0,1984,0,TRUE,1
Mauna Loa,1984-03-25,0,1984,1984-04-15,0,1984,21,TRUE,0
Pavlof,1983-11-11,0,1983,1983-12-18,0,1983,37,TRUE,3
Pavlof,1983-07-11,0,1983,1983-07-18,0,1983,7,TRUE,2
Okmok,1983-07-08,0,1983,1983-07-08,0,1983,0,TRUE,2
Veniaminof,1983-06-02,0,1983,1984-04-17,0,1984,320,TRUE,3
Kīlauea,1983-01-03,0,1983,2018-09-05,0,2018,13029,TRUE,3
Fukujin,1982-12-15,0,1982,NA,0,NA,NA,FALSE,NA
Akutan,1982-10-05,4,1982,1983-05-16,15,1983,223,TRUE,2
Kīlauea,1982-09-25,0,1982,1982-09-26,0,1982,1,TRUE,0
Pavlof,1982-07-15,45,1982,NA,0,NA,NA,FALSE,NA
Kīlauea,1982-04-30,0,1982,1982-05-01,0,1982,1,TRUE,0
Esmeralda Bank,1982-04-06,0,1982,NA,0,NA,NA,FALSE,NA
Gareloi,1982-01-15,0,1982,1982-01-15,0,1982,0,TRUE,3
Fukujin,1982-01-12,0,1982,1982-03-16,0,1982,63,FALSE,NA
Pavlof,1981-09-25,0,1981,1981-09-27,0,1981,2,TRUE,3
Shishaldin,1981-09-25,0,1981,NA,0,NA,NA,FALSE,NA
Pagan,1981-05-15,0,1981,1985-05-01,0,1985,1447,TRUE,4
Pavlof,1981-03-30,0,1981,1981-05-28,0,1981,59,TRUE,1
Okmok,1981-03-24,0,1981,1981-03-24,0,1981,0,TRUE,3
Fukujin,1981-01-07,0,1981,1981-01-08,0,1981,1,FALSE,NA
Pavlof,1980-11-08,0,1980,1980-11-13,0,1980,5,TRUE,3
Gareloi,1980-08-07,0,1980,1980-09-17,0,1980,41,TRUE,3
Pavlof,1980-07-06,1,1980,NA,0,NA,NA,TRUE,1
Akutan,1980-07-03,0,1980,1980-07-08,0,1980,5,TRUE,2
Makushin,1980-05-01,75,1980,NA,0,NA,NA,TRUE,1
St. Helens,1980-03-27,0,1980,1986-10-28,3,1986,2406,TRUE,5
Kīlauea,1980-03-11,0,1980,1980-03-11,0,1980,0,TRUE,0
Kīlauea,1979-11-16,0,1979,1979-11-17,0,1979,1,TRUE,0
Ahyi,1979-11-15,0,1979,1979-11-15,0,1979,0,FALSE,NA
Fukujin,1979-04-26,0,1979,1980-05-12,0,1980,382,FALSE,NA
Shishaldin,1979-02-16,15,1979,NA,0,NA,NA,TRUE,2
Westdahl,1979-02-08,0,1979,1979-02-09,0,1979,1,FALSE,NA
Akutan,1978-09-25,5,1978,1978-10-16,15,1978,21,TRUE,2
Fukujin,1978-08-24,0,1978,1978-08-25,0,1978,1,FALSE,NA
Shishaldin,1978-02-08,0,1978,1978-02-09,0,1978,1,TRUE,2
Westdahl,1978-02-04,0,1978,1978-02-09,0,1978,5,TRUE,3
Fukujin,1977-10-14,0,1977,1978-03-24,0,1978,161,FALSE,NA
Kīlauea,1977-09-13,0,1977,1977-10-01,0,1977,18,TRUE,0
Ukinrek Maars,1977-03-30,0,1977,1977-04-09,0,1977,10,TRUE,3
Seguam,1977-03-06,0,1977,1977-03-08,0,1977,2,TRUE,1
Akutan,1976-10-15,45,1976,1977-05-09,0,1977,206,TRUE,2
Fukujin,1976-08-02,0,1976,1977-04-21,0,1977,262,FALSE,NA
Atka Volcanic Complex,1976-07-02,182,1976,NA,0,NA,NA,FALSE,NA
Augustine,1976-01-22,0,1976,1977-05-14,0,1977,478,TRUE,4
Shishaldin,1976-01-16,15,1976,1976-09-28,0,1976,256,TRUE,2
Kīlauea,1975-11-29,0,1975,1975-11-29,0,1975,0,TRUE,0
Kasuga 1,1975-11-16,15,1975,NA,0,NA,NA,FALSE,NA
Cleveland,1975-09-16,15,1975,NA,0,NA,NA,FALSE,NA
Shishaldin,1975-09-13,0,1975,1975-10-26,5,1975,43,TRUE,2
Pavlof,1975-09-13,0,1975,1977-03-16,15,1977,550,TRUE,2
Kama'ehuakanaloa,1975-08-24,0,1975,1975-11-16,15,1975,84,FALSE,NA
Mauna Loa,1975-07-05,0,1975,1975-07-06,0,1975,1,TRUE,0
Esmeralda Bank,1975-04-26,0,1975,1975-04-29,0,1975,3,FALSE,NA
Kīlauea,1974-12-31,0,1974,1974-12-31,0,1974,0,TRUE,0
Pavlof,1974-09-01,0,1974,1975-01-13,0,1975,134,TRUE,3
Trident,1974-07-15,45,1974,NA,0,NA,NA,TRUE,3
Pavlof,1974-03-12,0,1974,1974-03-24,0,1974,12,TRUE,1
Great Sitkin,1974-02-19,0,1974,1974-09-16,15,1974,209,TRUE,2
Akutan,1974-02-11,0,1974,NA,0,NA,NA,TRUE,2
Pavlof,1973-11-12,0,1973,1973-11-13,0,1973,1,TRUE,2
Fukujin,1973-09-27,0,1973,1974-03-05,0,1974,159,TRUE,1
Atka Volcanic Complex,1973-08-25,2,1973,NA,0,NA,NA,TRUE,0
Vailulu'u,1973-07-10,0,1973,1973-07-10,0,1973,0,TRUE,0
Akutan,1973-03-16,15,1973,1973-05-16,15,1973,61,TRUE,2
Akutan,1972-09-16,15,1972,NA,0,NA,NA,FALSE,NA
Augustine,1971-10-07,0,1971,1971-10-08,0,1971,1,TRUE,1
Kama'ehuakanaloa,1971-09-17,0,1971,1972-09-16,15,1972,365,FALSE,NA
Chiginagak,1971-07-16,15,1971,1971-07-16,15,1971,0,TRUE,2
Esmeralda Bank,1970-07-02,365.25,1970,NA,0,NA,NA,FALSE,NA
Kiska,1969-09-11,0,1969,1969-09-16,0,1969,5,TRUE,2
Wrangell,1969-08-16,15,1969,NA,0,NA,NA,FALSE,NA
Ahyi,1969-03-11,0,1969,1969-03-13,0,1969,2,TRUE,0
Kīlauea,1969-02-22,0,1969,1974-09-19,0,1974,2035,TRUE,0
Trident,1968-11-13,0,1968,1968-11-13,0,1968,0,TRUE,3
Fukujin,1968-09-16,15,1968,NA,0,NA,NA,TRUE,0
Redoubt,1967-12-06,0,1967,1968-04-28,0,1968,144,TRUE,3
Kīlauea,1967-11-05,0,1967,1968-10-22,0,1968,352,TRUE,0
Trident,1967-09-05,0,1967,1968-02-25,0,1968,173,TRUE,3
Ahyi,1967-03-27,0,1967,1967-04-10,0,1967,14,TRUE,0
Shishaldin,1967-01-28,0,1967,NA,0,NA,NA,TRUE,2
Redoubt,1966-10-07,0,1966,1967-01-15,0,1967,100,TRUE,3
Trident,1966-07-02,182,1966,NA,0,NA,NA,TRUE,0
Ruby,1966-04-21,7,1966,1966-05-16,15,1966,25,TRUE,1
Pavlof,1966-03-15,0,1966,NA,0,NA,NA,TRUE,2
Redoubt,1966-01-24,0,1966,1966-02-20,0,1966,27,TRUE,3
Kīlauea,1965-12-24,0,1965,1965-12-25,0,1965,1,TRUE,0
Kīlauea,1965-03-05,0,1965,1965-03-15,0,1965,10,TRUE,0
Trident,1964-05-31,0,1964,NA,0,NA,NA,TRUE,3
Esmeralda Bank,1964-04-14,0,1964,NA,0,NA,NA,FALSE,NA
Kiska,1964-03-18,0,1964,NA,0,NA,NA,TRUE,0
Westdahl,1964-03-10,0,1964,1964-04-16,0,1964,37,TRUE,2
Shishaldin,1963-12-28,0,1963,NA,0,NA,NA,TRUE,2
Trident,1963-10-17,0,1963,1963-11-17,0,1963,31,TRUE,3
Augustine,1963-10-11,0,1963,1964-08-19,0,1964,313,TRUE,2
Kīlauea,1963-08-21,0,1963,1963-10-06,0,1963,46,TRUE,0
Trident,1963-04-01,0,1963,1963-04-03,0,1963,2,TRUE,3
Amukta,1963-02-13,0,1963,NA,0,NA,NA,TRUE,3
Kīlauea,1962-12-07,0,1962,1962-12-09,0,1962,2,TRUE,0
Akutan,1962-11-05,4,1962,NA,0,NA,NA,TRUE,2
Trident,1962-06-09,0,1962,1962-06-09,0,1962,0,TRUE,3
Kiska,1962-01-24,0,1962,NA,0,NA,NA,TRUE,3
Kīlauea,1961-07-10,0,1961,1961-09-24,0,1961,76,TRUE,1
Trident,1961-06-30,0,1961,NA,0,NA,NA,TRUE,2
Kīlauea,1961-02-24,0,1961,1961-03-25,0,1961,29,TRUE,1
Okmok,1960-10-15,45,1960,1961-04-15,45,1961,182,TRUE,3
Pavlof,1960-07-02,182,1960,1963-06-16,15,1963,1079,TRUE,2
Kīlauea,1959-11-14,0,1959,1960-02-19,0,1960,97,TRUE,2
Fukujin,1959-08-16,15,1959,1959-10-16,15,1959,61,FALSE,NA
Kasuga 1,1959-07-15,45,1959,NA,0,NA,NA,TRUE,0
Fukujin,1958-08-16,15,1958,1958-09-16,15,1958,31,FALSE,NA
Okmok,1958-08-14,0,1958,1958-08-25,10,1958,11,TRUE,3
Pavlof,1958-05-17,0,1958,1958-08-28,0,1958,103,TRUE,2
Trident,1957-07-02,182,1957,1960-08-10,0,1960,1135,TRUE,2
Vsevidof,1957-03-11,0,1957,1957-03-12,0,1957,1,FALSE,NA
Trident,1956-09-08,0,1956,1956-09-09,0,1956,1,TRUE,2
Kaena,1956-05-22,0,1956,1956-05-23,0,1956,1,FALSE,NA
Veniaminof,1956-03-16,15,1956,1956-05-23,0,1956,68,TRUE,3
Shishaldin,1955-07-16,15,1955,NA,0,NA,NA,TRUE,2
Kīlauea,1955-02-28,0,1955,1955-05-26,0,1955,87,TRUE,0
Kīlauea,1954-05-31,0,1954,1954-06-03,0,1954,3,TRUE,0
Pavlof,1953-11-25,0,1953,1954-08-16,15,1954,264,TRUE,1
Shishaldin,1953-10-04,3,1953,NA,0,NA,NA,TRUE,2
Spurr,1953-07-09,0,1953,1953-07-16,0,1953,7,TRUE,4
Atka Volcanic Complex,1953-07-02,182,1953,1954-07-02,182,1954,365,FALSE,NA
Akutan,1953-07-02,182,1953,NA,0,NA,NA,TRUE,2
Cleveland,1953-06-25,0,1953,NA,0,NA,NA,FALSE,NA
Iliamna,1953-03-01,0,1953,NA,0,NA,NA,FALSE,NA
Martin,1953-02-17,0,1953,NA,0,NA,NA,TRUE,NA
Trident,1953-02-15,0,1953,1954-10-05,0,1954,597,TRUE,3
Farallon de Pájaros,1952-10-26,5,1952,1953-04-15,0,1953,171,TRUE,2
Fukujin,1952-07-02,182,1952,NA,0,NA,NA,FALSE,NA
Iliamna,1952-07-02,182,1952,NA,0,NA,NA,FALSE,NA
Makushin,1952-07-02,182,1952,NA,0,NA,NA,FALSE,NA
Kīlauea,1952-06-27,0,1952,1952-11-10,0,1952,136,TRUE,0
Gareloi,1952-01-17,0,1952,NA,0,NA,NA,TRUE,2
Makushin,1951-12-20,0,1951,NA,0,NA,NA,TRUE,1
Cleveland,1951-11-01,0,1951,1951-12-16,15,1951,45,FALSE,NA
Akutan,1951-10-16,15,1951,NA,0,NA,NA,TRUE,2
Pavlof,1951-10-16,15,1951,1952-02-16,15,1952,123,TRUE,2
Bogoslof,1951-09-21,0,1951,NA,0,NA,NA,FALSE,NA
Farallon de Pájaros,1951-08-16,15,1951,NA,0,NA,NA,TRUE,2
Martin,1951-07-22,0,1951,NA,0,NA,NA,TRUE,NA
Fukujin,1951-07-15,45,1951,1951-10-15,45,1951,92,TRUE,0
Atka Volcanic Complex,1951-07-02,182,1951,NA,0,NA,NA,FALSE,NA
Shishaldin,1951-04-16,15,1951,1951-10-05,4,1951,172,TRUE,2
Great Sitkin,1950-11-05,0,1950,1950-11-29,0,1950,24,TRUE,NA
Pavlof,1950-07-31,0,1950,1951-05-16,15,1951,289,TRUE,2
Trident,1950-07-02,0,1950,1950-08-18,0,1950,47,TRUE,2
Gareloi,1950-07-02,182,1950,1951-07-02,182,1951,365,TRUE,1
Mauna Loa,1950-06-01,0,1950,1950-06-23,0,1950,22,TRUE,0
Great Sitkin,1949-12-30,0,1949,1950-01-07,0,1950,8,TRUE,1
Trident,1949-06-15,15,1949,NA,0,NA,NA,TRUE,NA
Mauna Loa,1949-01-06,0,1949,1949-05-31,0,1949,145,TRUE,0
Akutan,1948-04-29,0,1948,1948-08-07,0,1948,100,TRUE,2
Shishaldin,NA,0,1948,NA,0,NA,NA,TRUE,2
Iliamna,1947-06-15,15,1947,NA,0,NA,NA,FALSE,NA
Farallon de Pájaros,1947-01-15,16,1947,NA,0,NA,NA,FALSE,NA
Akutan,1946-12-15,16,1946,1947-01-15,16,1947,31,TRUE,2
Great Sitkin,1946-08-14,0,1946,NA,0,NA,NA,FALSE,NA
Shishaldin,1946-08-15,16,1946,1947-01-15,16,1947,153,TRUE,2
Mageik,NA,0,1946,NA,0,NA,NA,FALSE,NA
Okmok,1945-06-04,0,1945,1945-12-15,16,1945,194,TRUE,2
Great Sitkin,1945-03-15,16,1945,NA,0,NA,NA,TRUE,2
Esmeralda Bank,1944-08-20,10,1944,NA,0,NA,NA,FALSE,NA
Cleveland,1944-06-10,0,1944,1944-06-12,0,1944,2,TRUE,3
Veniaminof,1944-03-28,0,1944,NA,0,NA,NA,TRUE,2
Okmok,1943-06-15,15,1943,NA,0,NA,NA,TRUE,1
Farallon de Pájaros,NA,0,1943,NA,0,NA,NA,TRUE,2
St. Paul Island,NA,0,1943,NA,0,NA,NA,FALSE,NA
Mauna Loa,1942-04-26,0,1942,1942-05-10,0,1942,14,TRUE,0
Kanaga,NA,0,1942,NA,0,NA,NA,TRUE,1
Aniakchak,NA,0,1942,NA,0,NA,NA,FALSE,NA
Farallon de Pájaros,1941-03-28,0,1941,NA,0,NA,NA,TRUE,1
Mauna Loa,1940-04-07,0,1940,1940-08-18,0,1940,133,TRUE,0
Veniaminof,1939-11-15,15,1939,NA,0,NA,NA,TRUE,2
Veniaminof,1939-05-23,0,1939,1939-06-26,0,1939,34,TRUE,3
Farallon de Pájaros,NA,0,1939,NA,0,NA,NA,TRUE,1
Makushin,1938-10-15,16,1938,NA,0,NA,NA,TRUE,2
Okmok,NA,0,1938,NA,0,NA,NA,TRUE,NA
Cleveland,NA,0,1938,NA,0,NA,NA,TRUE,NA
Yunaska,1937-11-03,0,1937,1937-11-04,0,1937,1,TRUE,3
Mageik,1936-07-04,0,1936,1936-07-05,0,1936,1,FALSE,NA
Farallon de Pájaros,1936-04-15,45,1936,NA,0,NA,NA,TRUE,1
Pavlof,NA,0,1936,1948-05-15,16,1948,NA,TRUE,3
Okmok,NA,0,1936,NA,0,NA,NA,FALSE,NA
Mauna Loa,1935-11-21,0,1935,1936-01-02,0,1936,42,TRUE,0
Augustine,1935-03-13,0,1935,1935-08-18,0,1935,158,TRUE,3
Kīlauea,1934-09-06,0,1934,1934-10-08,0,1934,32,TRUE,0
Ahyi,1934-07-15,45,1934,NA,0,NA,NA,TRUE,1
Farallon de Pájaros,NA,0,1934,NA,0,NA,NA,FALSE,NA
Mauna Loa,1933-12-02,0,1933,1933-12-18,0,1933,16,TRUE,0
Great Sitkin,1933-11-15,15,1933,NA,0,NA,NA,TRUE,2
Redoubt,1933-05-25,0,1933,NA,0,NA,NA,FALSE,NA
Iliamna,1933-05-05,0,1933,NA,0,NA,NA,FALSE,NA
Farallon de Pájaros,1932-09-07,0,1932,1932-10-07,0,1932,30,TRUE,2
Shishaldin,1932-02-01,0,1932,1932-05-21,0,1932,110,TRUE,2
Cleveland,1932-01-01,0,1932,NA,0,NA,NA,TRUE,NA
Kīlauea,1931-12-23,0,1931,1932-01-05,0,1932,13,TRUE,0
Bogoslof,1931-10-31,0,1931,NA,0,NA,NA,TRUE,1
Aniakchak,1931-05-01,0,1931,1931-06-13,0,1931,43,TRUE,4
Akutan,1931-05-15,16,1931,1931-08-15,16,1931,92,TRUE,2
Okmok,1931-03-21,0,1931,1931-05-13,0,1931,53,TRUE,2
Kīlauea,1930-11-19,0,1930,1930-12-07,0,1930,18,TRUE,0
Wrangell,1930-06-30,0,1930,NA,0,NA,NA,FALSE,NA
Veniaminof,1930-06-15,15,1930,NA,0,NA,NA,TRUE,2
Chiginagak,1929-12-15,16,1929,NA,0,NA,NA,FALSE,NA
Kagamil,1929-12-15,16,1929,NA,0,NA,NA,TRUE,NA
Mageik,1929-08-19,0,1929,1929-12-15,16,1929,118,FALSE,NA
Kīlauea,1929-07-25,0,1929,1929-07-28,0,1929,3,TRUE,0
Shishaldin,1929-05-28,0,1929,1929-06-23,0,1929,26,TRUE,2
Akutan,1929-05-15,16,1929,NA,0,NA,NA,TRUE,2
Gareloi,1929-04-15,15,1929,NA,0,1930,NA,TRUE,3
Cleveland,1929-03-15,16,1929,NA,0,NA,NA,FALSE,NA
Pavlof,1929-03-15,16,1929,1931-08-15,16,1931,883,TRUE,2
Kīlauea,1929-02-20,0,1929,1929-02-21,0,1929,1,TRUE,0
Pagan,NA,0,1929,NA,0,1930,NA,FALSE,NA
Yunaska,NA,0,1929,NA,0,NA,NA,FALSE,NA
Farallon de Pájaros,1928-12-15,5,1928,NA,0,NA,NA,TRUE,2
Shishaldin,1928-08-15,16,1928,NA,0,NA,NA,TRUE,2
Mageik,1927-08-26,5,1927,NA,0,NA,NA,FALSE,NA
Kīlauea,1927-07-07,0,1927,1927-07-20,0,1927,13,TRUE,0
Shishaldin,NA,0,1927,NA,0,NA,NA,TRUE,NA
Seguam,NA,0,1927,NA,0,NA,NA,FALSE,NA
Akutan,NA,0,1927,NA,0,1928,NA,TRUE,2
Gareloi,NA,0,1927,NA,0,NA,NA,FALSE,NA
Kiska,NA,0,1927,NA,0,NA,NA,FALSE,NA
Makushin,1926-12-30,0,1926,NA,0,NA,NA,TRUE,2
Bogoslof,1926-07-15,16,1926,NA,0,1928,NA,TRUE,2
Mauna Loa,1926-04-10,0,1926,1926-04-28,0,1926,18,TRUE,0
Pagan,1925-02-14,14,1925,1925-05-05,0,1925,80,TRUE,2
Farallon de Pájaros,NA,0,1925,NA,0,NA,NA,TRUE,2
Shishaldin,NA,0,1925,NA,0,NA,NA,TRUE,NA
Kīlauea,1924-05-10,0,1924,1924-07-29,0,1924,80,TRUE,2
Pavlof,1924-01-17,0,1924,NA,0,NA,NA,TRUE,2
Asunción,NA,0,1924,NA,0,NA,NA,FALSE,NA
Pagan,1923-02-14,14,1923,1923-03-26,5,1923,40,TRUE,3
Pavlof,1922-12-24,0,1922,1923-02-28,60,1923,66,TRUE,2
Shishaldin,1922-10-15,45,1922,NA,0,NA,NA,TRUE,2
Gareloi,NA,0,1922,NA,0,NA,NA,TRUE,3
Wrangell,1921-07-03,0,1921,1921-07-03,0,1921,0,FALSE,NA
St. Helens,1921-03-18,0,1921,NA,0,NA,NA,FALSE,NA
Mauna Loa,1919-09-26,0,1919,1919-11-05,0,1919,40,TRUE,0
Pavlof,1917-10-15,16,1917,NA,0,NA,NA,TRUE,2
Agrigan,1917-04-09,0,1917,NA,0,NA,NA,TRUE,4
Pagan,NA,0,1917,NA,0,NA,NA,TRUE,2
Mauna Loa,1916-05-19,0,1916,1916-05-30,0,1916,11,TRUE,0
Mauna Loa,1914-11-25,0,1914,1915-01-11,0,1915,47,TRUE,0
Pavlof,1914-07-06,0,1914,NA,0,NA,NA,TRUE,2
Lassen Volcanic Center,1914-05-30,0,1914,1917-06-29,0,1917,1126,TRUE,3
Tanaga,NA,0,1914,NA,0,NA,NA,TRUE,0
Trident,1913-09-15,15,1913,NA,0,NA,NA,TRUE,1
Bogoslof,1913-07-15,16,1913,NA,0,NA,NA,FALSE,NA
Katmai,1912-06-06,0,1912,1912-07-21,0,1912,45,TRUE,3
Novarupta,1912-06-06,0,1912,1912-10-15,16,1912,131,TRUE,6
Farallon de Pájaros,NA,0,1912,NA,0,NA,NA,TRUE,2
Shishaldin,NA,0,1912,NA,0,NA,NA,FALSE,NA
Makushin,NA,0,1912,NA,0,NA,NA,FALSE,NA
Akutan,NA,0,1912,NA,0,NA,NA,FALSE,NA
Wrangell,1911-04-14,0,1911,1912-09-14,0,1912,519,TRUE,1
Akutan,NA,0,1911,NA,0,NA,NA,TRUE,2
Medicine Lake,1910-01-15,16,1910,NA,0,NA,NA,FALSE,NA
Bogoslof,1909-09-15,15,1909,1910-09-19,0,1910,369,TRUE,2
Pagan,NA,0,1909,NA,0,NA,NA,TRUE,2
Akutan,1908-02-22,0,1908,NA,0,NA,NA,TRUE,0
Bogoslof,1908-01-15,45,1908,NA,0,NA,NA,FALSE,NA
Augustine,NA,0,1908,NA,0,NA,NA,TRUE,1
Wrangell,1907-04-01,0,1907,NA,0,NA,NA,FALSE,NA
Mauna Loa,1907-01-09,0,1907,1907-01-24,0,1907,15,TRUE,0
Kiska,NA,0,1907,NA,0,NA,NA,FALSE,NA
Akutan,NA,0,1907,NA,0,NA,NA,TRUE,NA
Makushin,NA,0,1907,NA,0,NA,NA,TRUE,NA
Atka Volcanic Complex,NA,0,1907,NA,0,NA,NA,TRUE,NA
Kīlauea,1906-12-02,0,1906,1924-02-14,15,1924,6283,TRUE,0
Kanaga,1906-05-15,16,1906,NA,0,NA,NA,TRUE,NA
Bogoslof,1906-03-01,30,1906,1907-09-01,0,1907,549,TRUE,3
Pavlof,NA,0,1906,1911-12-07,0,1911,NA,TRUE,3
Asunción,NA,0,1906,NA,0,NA,NA,TRUE,2
Kīlauea,1905-02-22,0,1905,1906-04-15,15,1906,417,TRUE,0
Kanaga,NA,0,1904,NA,0,NA,NA,TRUE,0
Great Sitkin,NA,0,1904,NA,0,NA,NA,FALSE,NA
Kīlauea,1903-11-25,0,1903,1904-01-10,0,1904,46,TRUE,0
St. Helens,1903-09-15,0,1903,NA,0,NA,NA,FALSE,NA
Mauna Loa,1903-09-01,0,1903,1903-12-07,0,1903,97,TRUE,0
Wrangell,1902-07-15,45,1902,NA,0,NA,NA,TRUE,2
Kīlauea,1902-06-03,0,1902,1903-03-05,5,1903,275,TRUE,0
Kīlauea,1902-02-14,0,1902,1902-02-14,14,1902,0,TRUE,0
Redoubt,1902-01-18,0,1902,NA,0,NA,NA,TRUE,3
Seguam,NA,0,1902,NA,0,NA,NA,TRUE,3
Farallon de Pájaros,1901-01-15,16,1901,1902-12-15,16,1902,699,TRUE,2
Pavlof,NA,0,1901,NA,0,NA,NA,TRUE,2
Shishaldin,NA,0,1901,NA,0,NA,NA,TRUE,NA
Wrangell,1900-06-15,15,1900,NA,0,NA,NA,TRUE,2
Wrangell,1899-09-03,0,1899,NA,0,NA,NA,TRUE,2
Mauna Loa,1899-07-01,0,1899,1899-07-23,0,1899,22,TRUE,1
Shishaldin,NA,0,1899,NA,0,NA,NA,FALSE,NA
Kasatochi,NA,0,1899,NA,0,NA,NA,FALSE,NA
Okmok,NA,0,1899,NA,0,NA,NA,TRUE,3
St. Helens,1898-04-05,0,1898,NA,0,NA,NA,FALSE,NA
Shishaldin,NA,0,1898,NA,0,NA,NA,TRUE,2
Kīlauea,1897-06-24,0,1897,1897-06-27,0,1897,3,TRUE,0
Shishaldin,NA,0,1897,NA,0,NA,NA,FALSE,NA
Cleveland,NA,0,1897,NA,0,NA,NA,TRUE,NA
Kīlauea,1896-07-11,0,1896,1896-09-25,5,1896,76,TRUE,0
Mauna Loa,1896-04-21,0,1896,1896-05-06,0,1896,15,TRUE,0
Kīlauea,1896-01-03,0,1896,1896-01-28,0,1896,25,TRUE,0
Akutan,NA,0,1896,NA,0,NA,NA,TRUE,NA
Akutan,1895-08-01,0,1895,1895-08-14,0,1895,13,TRUE,2
Rainier,1894-11-21,0,1894,1894-12-24,0,1894,33,FALSE,NA
Pavlof,NA,0,1894,NA,0,NA,NA,TRUE,2
Cleveland,NA,0,1893,NA,0,NA,NA,TRUE,NA
Mauna Loa,1892-11-30,0,1892,1892-12-03,0,1892,3,TRUE,0
Akutan,1892-09-23,0,1892,NA,0,NA,NA,TRUE,1
Veniaminof,1892-08-28,0,1892,1892-08-30,0,1892,2,TRUE,3
Seguam,1892-04-15,45,1892,NA,0,NA,NA,TRUE,3
Pavlof,NA,0,1892,NA,0,NA,NA,TRUE,2
Seguam,1891-12-15,16,1891,NA,0,NA,NA,TRUE,2
Mono Lake Volcanic Field,1890-08-23,0,1890,1890-08-23,0,1890,0,FALSE,NA
Alamagan,1887-11-29,0,1887,NA,0,NA,NA,FALSE,NA
Mauna Loa,1887-01-16,0,1887,1887-01-28,0,1887,12,TRUE,0
Akutan,NA,0,1887,NA,0,NA,NA,TRUE,0
Pavlof,NA,0,1886,NA,0,NA,NA,TRUE,2
Wrangell,1884-10-26,0,1884,1885-02-04,0,1885,101,FALSE,NA
Baker,NA,0,1884,NA,0,NA,NA,FALSE,NA
Augustine,1883-10-06,0,1883,NA,0,1884,NA,TRUE,4
Bogoslof,1883-09-27,0,1883,NA,730.5,1895,NA,TRUE,3
Guguan,NA,365.25,1883,NA,0,NA,NA,TRUE,2
Makushin,NA,0,1883,NA,0,NA,NA,TRUE,2
Akutan,NA,0,1883,NA,0,NA,NA,TRUE,2
Shishaldin,NA,0,1883,NA,0,NA,NA,TRUE,2
Rainier,NA,0,1882,NA,0,NA,NA,FALSE,NA
Mauna Loa,1880-11-05,0,1880,1881-08-10,0,1881,278,TRUE,1
Baker,1880-09-07,0,1880,1880-11-27,0,1880,81,TRUE,2
Mauna Loa,1880-05-01,0,1880,1880-05-06,0,1880,5,TRUE,1
Shishaldin,NA,0,1880,NA,0,1881,NA,FALSE,NA
Vsevidof,NA,0,1880,NA,0,NA,NA,FALSE,NA
Pavlof,NA,0,1880,NA,0,NA,NA,TRUE,1
Mauna Loa,1879-03-09,0,1879,1879-03-09,0,1879,0,TRUE,0
Rainier,NA,0,1879,NA,0,NA,NA,FALSE,NA
Vsevidof,NA,0,1878,NA,0,NA,NA,TRUE,2
Okmok,NA,0,1878,NA,0,NA,NA,TRUE,2
Amukta,NA,0,1878,NA,0,NA,NA,TRUE,NA
Mauna Loa,1877-02-14,0,1877,1877-02-24,0,1877,10,TRUE,0
Mauna Loa,1876-02-13,0,1876,1876-02-14,0,1876,1,TRUE,0
Farallon de Pájaros,1876-01-01,0,1876,1876-01-03,0,1876,2,TRUE,2
Amukta,NA,0,1876,NA,0,NA,NA,FALSE,NA
Iliamna,NA,0,1876,NA,0,NA,NA,TRUE,3
Mauna Loa,1875-08-11,0,1875,1875-08-18,0,1875,7,TRUE,0
Mauna Loa,1875-01-10,0,1875,1875-02-09,0,1875,30,TRUE,0
Veniaminof,1874-07-15,45,1874,NA,0,NA,NA,TRUE,2
Mauna Loa,1873-04-20,0,1873,1874-10-19,0,1874,547,TRUE,1
Mauna Loa,1873-01-06,0,1873,1873-01-07,0,1873,1,TRUE,0
Yunaska,NA,0,1873,NA,0,NA,NA,FALSE,NA
Gareloi,NA,0,1873,NA,0,NA,NA,TRUE,2
Semisopochnoi,NA,0,1873,NA,0,NA,NA,TRUE,NA
Pagan,NA,0,1873,NA,0,NA,NA,TRUE,3
Mauna Loa,1872-08-09,0,1872,1872-09-15,15,1872,37,TRUE,1
Farallon de Pájaros,1872-07-11,0,1872,NA,0,NA,NA,TRUE,2
Mauna Loa,1871-08-10,0,1871,1871-08-30,0,1871,20,TRUE,0
Mauna Loa,1870-01-01,0,1870,1870-01-15,0,1870,14,FALSE,NA
Rainier,NA,0,1870,NA,0,NA,NA,FALSE,NA
Baker,NA,0,1870,NA,0,NA,NA,TRUE,2
Baker,1869-06-15,15,1869,NA,0,NA,NA,FALSE,NA
Hood,NA,0,1869,NA,0,NA,NA,FALSE,NA
Mauna Loa,1868-03-27,0,1868,1868-04-22,0,1868,26,TRUE,2
Baker,1867-03-15,16,1867,NA,0,NA,NA,FALSE,NA
Akutan,NA,0,1867,NA,0,NA,NA,TRUE,NA
Makushin,NA,0,1867,NA,0,NA,NA,FALSE,NA
Iliamna,NA,0,1867,NA,0,NA,NA,TRUE,2
Ofu-Olosega,1866-09-12,0,1866,1866-11-15,5,1866,64,TRUE,2
Pavlof,1866-03-14,0,1866,NA,0,NA,NA,TRUE,2
Mauna Loa,1865-12-30,0,1865,1866-04-29,0,1866,120,TRUE,0
Hood,1865-09-21,0,1865,1866-01-15,16,1866,116,TRUE,2
Makushin,NA,0,1865,NA,0,NA,NA,TRUE,NA
Akutan,NA,0,1865,NA,0,NA,NA,TRUE,NA
Shishaldin,NA,0,1865,NA,0,NA,NA,FALSE,NA
Baker,NA,0,1865,NA,0,NA,NA,FALSE,NA
Farallon de Pájaros,1864-01-07,0,1864,NA,0,NA,NA,TRUE,2
Alamagan,1864-01-15,16,1864,NA,0,NA,NA,FALSE,NA
Pagan,NA,0,1864,NA,0,NA,NA,TRUE,1
Baker,1863-07-15,16,1863,NA,0,NA,NA,TRUE,2
Akutan,NA,0,1862,NA,0,NA,NA,FALSE,NA
Baker,1860-12-15,16,1860,NA,0,NA,NA,FALSE,NA
Baker,1859-11-15,15,1859,1860-04-26,0,1860,163,TRUE,2
Hood,1859-08-15,0,1859,1859-08-17,0,1859,2,TRUE,2
Mauna Loa,1859-01-23,0,1859,1859-11-25,0,1859,306,TRUE,1
Baker,NA,0,1858,NA,0,NA,NA,TRUE,2
Rainier,NA,0,1858,NA,0,NA,NA,FALSE,NA
St. Helens,1857-04-15,15,1857,NA,0,NA,NA,TRUE,2
Baker,NA,0,1856,NA,0,NA,NA,FALSE,NA
Mauna Loa,1855-08-11,0,1855,1856-11-15,15,1856,462,TRUE,1
Hood,1854-08-15,16,1854,NA,0,NA,NA,FALSE,NA
St. Helens,1854-02-14,14,1854,1854-04-15,15,1854,60,TRUE,2
Baker,NA,0,1854,NA,0,NA,NA,TRUE,2
Rainier,NA,0,1854,NA,0,NA,NA,FALSE,NA
St. Helens,1853-03-15,5,1853,1853-08-15,16,1853,153,TRUE,2
Hood,NA,0,1853,NA,0,NA,NA,FALSE,NA
Baker,1852-12-01,30,1852,1853-01-15,16,1853,45,TRUE,2
Mauna Loa,1852-02-17,0,1852,1852-03-11,0,1852,23,TRUE,2
Akutan,NA,0,1852,NA,0,NA,NA,TRUE,NA
Pavlof,NA,0,1852,NA,0,NA,NA,FALSE,NA
Veniaminof,NA,0,1852,NA,0,NA,NA,FALSE,NA
Ugashik-Peulik,NA,0,1852,NA,0,NA,NA,FALSE,NA
Mauna Loa,1851-08-08,0,1851,1851-08-11,1,1851,3,TRUE,0
Baker,1850-03-15,16,1850,NA,0,NA,NA,FALSE,NA
St. Helens,1850-03-15,16,1850,1850-05-15,16,1850,61,TRUE,2
Mauna Loa,1849-05-15,16,1849,NA,0,NA,NA,TRUE,0
St. Helens,NA,0,1849,NA,0,NA,NA,FALSE,NA
St. Helens,1848-04-01,0,1848,NA,0,NA,NA,TRUE,2
Akutan,1848-03-05,4,1848,NA,0,NA,NA,TRUE,2
St. Helens,1847-03-26,0,1847,1847-03-30,0,1847,4,TRUE,2
Pavlof,1846-08-15,16,1846,1846-08-15,16,1846,0,TRUE,2
Baker,NA,0,1846,NA,0,NA,NA,FALSE,NA
Pavlof,1845-08-12,0,1845,NA,0,NA,NA,TRUE,2
Akutan,NA,0,1845,NA,0,NA,NA,FALSE,NA
Makushin,NA,365.25,1844,NA,0,NA,NA,FALSE,NA
Atka Volcanic Complex,NA,0,1844,NA,0,NA,NA,FALSE,NA
Mauna Loa,1843-01-09,0,1843,1843-04-10,0,1843,91,TRUE,0
Baker,NA,0,1843,NA,0,NA,NA,TRUE,3
Rainier,NA,0,1843,NA,0,NA,NA,FALSE,NA
Iliamna,NA,0,1843,NA,0,NA,NA,FALSE,NA
St. Helens,1842-11-22,0,1842,1845-09-18,0,1845,1031,TRUE,3
Shishaldin,NA,0,1842,NA,0,NA,NA,TRUE,2
Veniaminof,1838-08-04,0,1838,1839-04-15,15,1839,254,TRUE,3
Pavlof,NA,0,1838,NA,0,NA,NA,TRUE,1
Shishaldin,NA,0,1838,NA,0,NA,NA,TRUE,2
Akutan,NA,0,1838,NA,0,NA,NA,FALSE,NA
Carlisle,NA,0,1838,NA,0,NA,NA,FALSE,NA
St. Helens,1835-03-15,16,1835,NA,0,NA,NA,TRUE,2
Mauna Loa,1832-06-20,0,1832,1832-07-15,7,1832,25,TRUE,0
St. Helens,1831-08-15,16,1831,NA,0,NA,NA,TRUE,3
Shishaldin,1830-11-16,15,1830,1831-03-16,15,1831,120,TRUE,3
Fisher,1830-08-15,16,1830,NA,0,NA,NA,TRUE,2
Yunaska,NA,0,1830,NA,0,NA,NA,TRUE,2
Vsevidof,NA,0,1830,NA,0,NA,NA,TRUE,NA
Veniaminof,NA,0,1830,NA,0,1838,NA,FALSE,NA
Semisopochnoi,NA,0,1830,NA,0,NA,NA,FALSE,NA
Kanaga,NA,0,1829,NA,0,NA,NA,FALSE,NA
Tanaga,NA,0,1829,NA,0,NA,NA,TRUE,NA
Atka Volcanic Complex,NA,0,1829,NA,0,1830,NA,FALSE,NA
Great Sitkin,NA,0,1829,NA,0,NA,NA,FALSE,NA
Great Sitkin,NA,0,1828,NA,0,NA,NA,FALSE,NA
Kasatochi,NA,0,1828,NA,0,NA,NA,FALSE,NA
Carlisle,NA,0,1828,NA,0,NA,NA,TRUE,NA
Akutan,NA,0,1828,NA,0,NA,NA,FALSE,NA
Gareloi,NA,0,1828,NA,0,1829,NA,FALSE,NA
Little Sitkin,NA,0,1828,NA,0,1830,NA,TRUE,NA
Kanaga,NA,0,1827,NA,0,NA,NA,FALSE,NA
Westdahl,NA,0,1827,NA,0,1830,NA,TRUE,2
Shishaldin,NA,0,1827,NA,0,1829,NA,TRUE,2
Makushin,NA,0,1827,NA,0,1838,NA,FALSE,NA
Kasatochi,NA,0,1827,NA,0,NA,NA,FALSE,NA
Seguam,NA,0,1827,NA,0,NA,NA,FALSE,NA
Fisher,1826-10-11,0,1826,1827-01-15,16,1827,96,TRUE,3
Makushin,1826-06-15,15,1826,NA,0,NA,NA,TRUE,3
Shishaldin,NA,0,1826,NA,0,NA,NA,TRUE,0
Pavlof,NA,0,1825,NA,0,NA,NA,TRUE,2
Shishaldin,NA,0,1825,NA,0,NA,NA,TRUE,2
Pagan,NA,1826.25,1825,NA,0,NA,NA,TRUE,2
Shishaldin,NA,0,1824,NA,0,NA,NA,TRUE,3
Yunaska,NA,0,1824,NA,0,NA,NA,TRUE,3
Okmok,NA,0,1824,NA,0,1830,NA,TRUE,NA
Kīlauea,1823-02-14,14,1823,1894-12-06,0,1894,26228,TRUE,0
Kīlauea,NA,0,1820,NA,0,NA,NA,TRUE,2
Baker,NA,0,1820,NA,0,NA,NA,TRUE,2
Westdahl,NA,0,1820,NA,0,NA,NA,TRUE,2
Wrangell,NA,0,1819,NA,0,NA,NA,FALSE,NA
Redoubt,NA,0,1819,NA,0,NA,NA,FALSE,NA
Makushin,NA,0,1818,NA,0,NA,NA,FALSE,NA
Okmok,1817-03-01,0,1817,NA,0,1820,NA,TRUE,3
Vsevidof,NA,0,1817,NA,0,NA,NA,TRUE,3
Yunaska,NA,0,1817,NA,0,NA,NA,FALSE,NA
Pavlof,NA,0,1817,NA,0,NA,NA,TRUE,2
Ugashik-Peulik,NA,0,1814,NA,0,NA,NA,TRUE,3
Augustine,NA,0,1812,NA,0,NA,NA,TRUE,3
Atka Volcanic Complex,NA,0,1812,NA,0,NA,NA,TRUE,3
Bogoslof,NA,0,1806,NA,0,1823,NA,TRUE,2
Okmok,NA,0,1805,NA,0,NA,NA,TRUE,NA
Makushin,NA,0,1802,NA,0,NA,NA,TRUE,3
St. Helens,1800-01-15,120,1800,NA,0,NA,NA,TRUE,5
Hualalai,NA,0,1800,NA,0,1801,NA,TRUE,0
Pagan,NA,18262.5,1800,NA,0,NA,NA,TRUE,NA
Bogoslof,1796-05-15,16,1796,NA,0,1804,NA,TRUE,3
Westdahl,NA,0,1796,NA,0,NA,NA,TRUE,0
Amak,NA,0,1796,NA,0,NA,NA,TRUE,NA
Westdahl,NA,0,1795,NA,0,NA,NA,TRUE,4
Fisher,NA,0,1795,NA,0,NA,NA,TRUE,NA
Iliamna,NA,0,1793,NA,0,NA,NA,FALSE,NA
Baker,1792-06-15,15,1792,NA,0,NA,NA,FALSE,NA
Great Sitkin,1792-05-26,5,1792,NA,0,NA,NA,TRUE,NA
Makushin,1792-02-14,0,1792,NA,0,NA,NA,FALSE,NA
Semisopochnoi,NA,0,1792,NA,0,NA,NA,FALSE,NA
Gareloi,NA,0,1792,NA,0,NA,NA,TRUE,2
Tanaga,1791-06-07,0,1791,NA,0,NA,NA,FALSE,NA
Gareloi,NA,0,1791,NA,0,NA,NA,TRUE,2
Kīlauea,1790-11-15,15,1790,NA,0,NA,NA,TRUE,4
Makushin,1790-06-07,0,1790,NA,0,NA,NA,FALSE,NA
Vsevidof,1790-05-30,0,1790,NA,0,NA,NA,FALSE,NA
Shishaldin,NA,0,1790,NA,0,NA,NA,FALSE,NA
Akutan,NA,0,1790,NA,0,NA,NA,FALSE,NA
Pavlof,NA,0,1790,NA,0,NA,NA,TRUE,2
Gareloi,NA,0,1790,NA,0,NA,NA,TRUE,2
Semisopochnoi,NA,0,1790,NA,0,NA,NA,FALSE,NA
Kīlauea,NA,0,1790,NA,0,NA,NA,TRUE,0
Mono Lake Volcanic Field,NA,27393.75,1790,NA,0,NA,NA,TRUE,NA
Amukta,1786-06-15,15,1786,NA,0,1791,NA,TRUE,3
Seguam,NA,0,1786,NA,0,1790,NA,TRUE,NA
Iliamna,NA,0,1786,NA,0,NA,NA,FALSE,NA
Wrangell,1784-07-15,16,1784,NA,0,NA,NA,FALSE,NA
Hualalai,NA,2556.75,1784,NA,0,NA,NA,TRUE,0
Great Sitkin,NA,0,1784,NA,0,NA,NA,FALSE,NA
Vsevidof,NA,0,1784,NA,0,NA,NA,FALSE,NA
Kanaga,NA,0,1783,NA,0,1787,NA,TRUE,NA
Hood,1781-10-15,45,1781,NA,0,1801,NA,TRUE,NA
Iliamna,NA,0,1778,NA,0,1779,NA,TRUE,NA
Little Sitkin,NA,0,1776,NA,0,NA,NA,TRUE,1
Shishaldin,NA,0,1775,NA,0,1778,NA,FALSE,NA
Asunción,NA,3652.5,1775,NA,0,NA,NA,FALSE,NA
Carlisle,1774-07-02,182,1774,NA,0,NA,NA,TRUE,NA
Semisopochnoi,NA,0,1772,NA,0,NA,NA,FALSE,NA
Amukta,NA,0,1770,NA,0,NA,NA,FALSE,NA
Makushin,NA,0,1768,NA,0,1769,NA,TRUE,3
Iliamna,NA,0,1768,NA,0,NA,NA,FALSE,NA
Kanaga,NA,0,1763,NA,0,NA,NA,FALSE,NA
Tanaga,NA,0,1763,NA,0,1770,NA,FALSE,NA
Pavlof,NA,0,1762,NA,0,1786,NA,TRUE,4
Great Sitkin,NA,0,1760,NA,0,NA,NA,FALSE,NA
Kasatochi,NA,0,1760,NA,0,NA,NA,TRUE,0
Gareloi,NA,0,1760,NA,0,NA,NA,FALSE,NA
Haleakala,NA,0,1750,NA,0,NA,NA,TRUE,NA
Mauna Loa,NA,0,1750,NA,0,NA,NA,TRUE,0
Kīlauea,NA,0,1750,NA,0,NA,NA,TRUE,0
Mauna Loa,NA,0,1730,NA,0,NA,NA,TRUE,0
Snowy Mountain,NA,73050,1710,NA,0,NA,NA,TRUE,NA
Amak,NA,0,1700,NA,0,1710,NA,TRUE,NA
Kīlauea,NA,9131.25,1700,NA,0,NA,NA,TRUE,0
Glacier Peak,NA,36525,1700,NA,0,NA,NA,TRUE,2
Asunción,NA,3652.5,1690,NA,0,NA,NA,FALSE,NA
Mauna Loa,NA,0,1685,NA,0,NA,NA,TRUE,0
Mauna Loa,NA,0,1680,NA,0,NA,NA,TRUE,0
Pagan,NA,0,1669,NA,0,NA,NA,TRUE,NA
Lassen Volcanic Center,NA,0,1666,NA,0,NA,NA,TRUE,3
Iliamna,NA,0,1650,NA,0,NA,NA,TRUE,NA
Augustine,NA,36525,1650,NA,0,NA,NA,TRUE,NA
Mauna Loa,NA,0,1650,NA,0,NA,NA,TRUE,0
Hualalai,NA,18262.5,1650,NA,0,NA,NA,TRUE,1
Lassen Volcanic Center,NA,0,1650,NA,0,NA,NA,FALSE,NA
Kīlauea,NA,18262.5,1650,NA,0,NA,NA,TRUE,0
Spurr,NA,18262.5,1650,NA,0,NA,NA,TRUE,NA
Redoubt,NA,27393.75,1650,NA,0,NA,NA,TRUE,NA
Mauna Loa,NA,0,1640,NA,0,NA,NA,TRUE,0
Kīlauea,NA,18262.5,1610,NA,0,NA,NA,TRUE,1
St. Helens,NA,14610,1610,NA,0,NA,NA,TRUE,NA
Mono Lake Volcanic Field,NA,109575,1550,NA,0,NA,NA,TRUE,NA
Tanaga,NA,0,1550,NA,0,NA,NA,TRUE,NA
Takawangha,NA,0,1550,NA,0,NA,NA,TRUE,NA
Mauna Loa,NA,0,1540,NA,0,NA,NA,TRUE,0
Augustine,NA,36525,1540,NA,0,NA,NA,TRUE,4
Aniakchak,NA,36525,1540,NA,0,NA,NA,TRUE,4
Redoubt,NA,27393.75,1530,NA,0,NA,NA,TRUE,NA
St. Helens,NA,9131.25,1525,NA,0,NA,NA,TRUE,NA
Mauna Loa,NA,0,1510,NA,0,NA,NA,TRUE,0
Redoubt,NA,27393.75,1510,NA,0,NA,NA,TRUE,NA
Kīlauea,NA,18262.5,1510,NA,0,NA,NA,TRUE,0
Mauna Loa,NA,0,1500,NA,0,NA,NA,TRUE,0
Kīlauea,NA,0,1500,NA,0,NA,NA,TRUE,1
Kīlauea,NA,5844,1490,NA,0,NA,NA,TRUE,1
St. Helens,1482-01-15,120,1482,NA,0,NA,NA,TRUE,5
St. Helens,1480-01-15,120,1480,NA,0,NA,NA,TRUE,5
Mauna Loa,NA,0,1470,NA,0,NA,NA,TRUE,0
Aniakchak,NA,7305,1470,NA,0,NA,NA,TRUE,NA
Haleakala,NA,27393.75,1460,NA,0,NA,NA,TRUE,NA
Kīlauea,NA,18262.5,1460,NA,0,NA,NA,TRUE,0
Rainier,NA,36525,1450,NA,0,NA,NA,TRUE,NA
Mauna Loa,NA,0,1440,NA,0,NA,NA,TRUE,0
Akutan,NA,36525,1420,NA,0,NA,NA,TRUE,NA
Haleakala,NA,36525,1420,NA,0,NA,NA,TRUE,NA
Kīlauea,NA,0,1410,NA,0,1470,NA,TRUE,0
Redoubt,NA,27393.75,1400,NA,0,NA,NA,TRUE,NA
Kanaga,NA,18262.5,1400,NA,0,NA,NA,TRUE,NA
Mauna Loa,NA,0,1390,NA,0,NA,NA,TRUE,0
Mono-Inyo Craters,NA,18262.5,1380,NA,0,NA,NA,TRUE,NA
Mauna Loa,NA,0,1370,NA,0,NA,NA,TRUE,0
Aniakchak,NA,20088.75,1370,NA,0,NA,NA,TRUE,NA
Mauna Loa,NA,0,1360,NA,0,NA,NA,TRUE,0
Haleakala,NA,36525,1360,NA,0,NA,NA,TRUE,NA
Redoubt,NA,27393.75,1360,NA,0,NA,NA,TRUE,NA
Haleakala,NA,54787.5,1350,NA,0,NA,NA,TRUE,NA
Mono-Inyo Craters,NA,7305,1350,NA,0,NA,NA,TRUE,4
Kīlauea,NA,14610,1340,NA,0,NA,NA,TRUE,0
Pagan,NA,36525,1340,NA,0,NA,NA,TRUE,NA
Mauna Loa,NA,0,1310,NA,0,NA,NA,TRUE,0
Glacier Peak,NA,109575,1300,NA,0,NA,NA,FALSE,NA
Black Rock Desert,NA,54787.5,1290,NA,0,NA,NA,TRUE,NA
Aniakchak,NA,52961.25,1280,NA,0,NA,NA,TRUE,NA
Mammoth Mountain,NA,14610,1260,NA,0,NA,NA,TRUE,NA
Shasta,NA,0,1250,NA,0,NA,NA,TRUE,NA
Hualalai,NA,54787.5,1240,NA,0,NA,NA,TRUE,2
Augustine,NA,18262.5,1230,NA,0,NA,NA,TRUE,NA
Shasta,NA,0,1200,NA,0,NA,NA,TRUE,NA
Hayes,NA,109575,1200,NA,0,NA,NA,TRUE,NA
Redoubt,NA,27393.75,1200,NA,0,NA,NA,TRUE,NA
Haleakala,NA,27393.75,1200,NA,0,NA,NA,TRUE,NA
Mauna Loa,NA,0,1190,NA,0,NA,NA,TRUE,0
Aniakchak,NA,10957.5,1190,NA,0,NA,NA,TRUE,NA
Mauna Loa,NA,0,1170,NA,0,NA,NA,TRUE,0
Redoubt,NA,27393.75,1160,NA,0,NA,NA,TRUE,NA
Hualalai,NA,0,1150,NA,0,NA,NA,TRUE,0
Mono Lake Volcanic Field,NA,73050,1150,NA,0,NA,NA,TRUE,NA
Makushin,NA,182625,1150,NA,0,NA,NA,TRUE,NA
Kanaga,NA,36525,1150,NA,0,NA,NA,TRUE,NA
Kīlauea,NA,27393.75,1140,NA,0,NA,NA,TRUE,0
Mauna Loa,NA,0,1130,NA,0,NA,NA,TRUE,0
Redoubt,NA,27393.75,1120,NA,0,NA,NA,TRUE,NA
Aniakchak,NA,29220,1120,NA,0,NA,NA,TRUE,NA
Uinkaret Field,NA,27393.75,1100,NA,0,NA,NA,TRUE,1
Haleakala,NA,14610,1080,NA,0,NA,NA,TRUE,NA
San Francisco Volcanic Field,NA,9131.25,1075,NA,0,NA,NA,TRUE,4
Mauna Loa,NA,0,1070,NA,0,NA,NA,TRUE,0
Medicine Lake,NA,0,1060,NA,0,NA,NA,TRUE,3
Markagunt Plateau,NA,0,1050,NA,0,NA,NA,TRUE,NA
Kīlauea,NA,27393.75,1050,NA,0,NA,NA,TRUE,1
Hualalai,NA,36525,1050,NA,0,NA,NA,TRUE,1
Ugashik-Peulik,NA,36525,1050,NA,0,NA,NA,TRUE,NA
Aniakchak,NA,0,1050,NA,0,NA,NA,TRUE,NA
Tanaga,NA,0,1050,NA,0,NA,NA,TRUE,NA
Mauna Loa,NA,0,1040,NA,0,NA,NA,TRUE,0
Redoubt,NA,27393.75,1030,NA,0,NA,NA,TRUE,NA
Haleakala,NA,18262.5,1020,NA,0,NA,NA,TRUE,NA
Haleakala,NA,14610,1010,NA,0,NA,NA,TRUE,NA
Medicine Lake,NA,0,1010,NA,0,NA,NA,TRUE,3
Mono-Inyo Craters,NA,73050,1000,NA,0,NA,NA,TRUE,NA
Haleakala,NA,18262.5,990,NA,0,NA,NA,TRUE,NA
Haleakala,NA,18262.5,980,NA,0,NA,NA,TRUE,NA
Lassen Volcanic Center,NA,109575,980,NA,0,NA,NA,TRUE,NA
Shishaldin,NA,0,950,NA,0,NA,NA,TRUE,NA
Adams,NA,0,950,NA,0,NA,NA,TRUE,2
Jefferson,NA,0,950,NA,0,NA,NA,TRUE,NA
Mauna Loa,NA,0,940,NA,0,NA,NA,TRUE,0
Augustine,NA,54787.5,930,NA,0,NA,NA,TRUE,NA
Hualalai,NA,18262.5,920,NA,0,NA,NA,TRUE,0
Haleakala,NA,14610,910,NA,0,NA,NA,TRUE,NA
Rainier,NA,182625,910,NA,0,NA,NA,TRUE,NA
Glacier Peak,NA,18262.5,900,NA,0,NA,NA,TRUE,3
Kīlauea,NA,18262.5,900,NA,0,NA,NA,TRUE,NA
Lassen Volcanic Center,NA,109575,880,NA,0,NA,NA,TRUE,NA
Alamagan,NA,36525,870,NA,0,NA,NA,TRUE,4
Shasta,NA,0,850,NA,0,NA,NA,TRUE,NA
Kīlauea,NA,54787.5,850,NA,0,NA,NA,TRUE,0
Kanaga,NA,73050,850,NA,0,NA,NA,TRUE,NA
Churchill,NA,365.25,847,NA,0,NA,NA,TRUE,6
Medicine Lake,NA,0,840,NA,0,NA,NA,TRUE,NA
Medicine Lake,NA,0,830,NA,0,NA,NA,TRUE,NA
Mauna Loa,NA,0,830,NA,0,NA,NA,TRUE,0
Mauna Loa,NA,0,810,NA,0,NA,NA,TRUE,0
Lassen Volcanic Center,NA,109575,800,NA,0,NA,NA,TRUE,NA
Haleakala,NA,18262.5,790,NA,0,NA,NA,TRUE,NA
Medicine Lake,NA,0,780,NA,0,NA,NA,TRUE,NA
St. Helens,NA,109575,780,NA,0,NA,NA,TRUE,NA
Hualalai,NA,73050,770,NA,0,NA,NA,TRUE,1
Redoubt,NA,27393.75,720,NA,0,NA,NA,TRUE,NA
Aniakchak,NA,91312.5,700,NA,0,NA,NA,TRUE,0
Newberry,NA,36525,690,NA,0,NA,NA,TRUE,4
Kīlauea,NA,27393.75,680,NA,0,NA,NA,TRUE,1
Blue Lake Crater,NA,73050,680,NA,0,NA,NA,TRUE,NA
Mauna Loa,NA,0,680,NA,0,NA,NA,TRUE,0
Redoubt,NA,27393.75,640,NA,0,NA,NA,TRUE,NA
Mauna Loa,NA,0,630,NA,0,NA,NA,TRUE,0
Mono-Inyo Craters,NA,9861.75,620,NA,0,NA,NA,TRUE,4
Mauna Loa,NA,0,600,NA,0,NA,NA,TRUE,0
Redoubt,NA,27393.75,580,NA,0,NA,NA,TRUE,NA
Augustine,NA,54787.5,570,NA,0,NA,NA,TRUE,NA
Akutan,NA,0,550,NA,0,NA,NA,TRUE,NA
Mauna Loa,NA,0,550,NA,0,NA,NA,TRUE,0
Kīlauea,NA,73050,540,NA,0,NA,NA,TRUE,NA
Alamagan,NA,27393.75,540,NA,0,NA,NA,TRUE,NA
Redoubt,NA,27393.75,520,NA,0,NA,NA,TRUE,NA
Mono-Inyo Craters,NA,36525,490,NA,0,NA,NA,TRUE,NA
Newberry,NA,36525,490,NA,0,NA,NA,TRUE,4
Belknap,NA,0,480,NA,0,NA,NA,TRUE,2
Hood,NA,13514.25,480,NA,0,NA,NA,TRUE,NA
Mauna Loa,NA,0,480,NA,0,NA,NA,TRUE,0
Aniakchak,NA,0,460,NA,0,NA,NA,TRUE,NA
Mauna Loa,NA,0,450,NA,0,NA,NA,TRUE,0
Kīlauea,NA,0,450,NA,0,NA,NA,TRUE,0
Mono-Inyo Craters,NA,36525,440,NA,0,NA,NA,TRUE,NA
Rainier,NA,36525,440,NA,0,NA,NA,TRUE,NA
Redoubt,NA,27393.75,440,NA,0,NA,NA,TRUE,NA
Tutuila,NA,73050,440,NA,0,NA,NA,TRUE,3
Three Sisters,NA,39447,439,NA,0,NA,NA,TRUE,2
Kīlauea,NA,7305,420,NA,0,NA,NA,TRUE,NA
St. Helens,NA,0,420,NA,0,NA,NA,TRUE,NA
Fisher,NA,18262.5,400,NA,0,NA,NA,TRUE,NA
Mauna Loa,NA,0,350,NA,0,NA,NA,TRUE,0
Mono Lake Volcanic Field,NA,36525,350,NA,0,NA,NA,TRUE,NA
Akutan,NA,0,340,NA,0,NA,NA,TRUE,5
Augustine,NA,14610,340,NA,0,NA,NA,TRUE,NA
Mono-Inyo Craters,NA,73050,320,NA,0,NA,NA,TRUE,NA
Mauna Loa,NA,0,300,NA,0,NA,NA,TRUE,0
Imuruk Lake,NA,0,300,NA,0,NA,NA,TRUE,NA
Redoubt,NA,27393.75,290,NA,0,NA,NA,TRUE,NA
Mono-Inyo Craters,NA,18262.5,290,NA,0,NA,NA,TRUE,NA
St. Helens,NA,0,270,NA,0,NA,NA,TRUE,NA
Seguam,NA,182625,250,NA,0,NA,NA,TRUE,NA
St. Helens,NA,0,230,NA,0,NA,NA,TRUE,0
Salton Buttes,NA,36525,210,NA,0,NA,NA,TRUE,NA
Mauna Loa,NA,0,200,NA,0,NA,NA,TRUE,0
Adams,NA,0,200,NA,0,NA,NA,TRUE,2
Glacier Peak,NA,18262.5,200,NA,0,NA,NA,TRUE,4
Kanaga,NA,54787.5,200,NA,0,NA,NA,TRUE,NA
Aniakchak,NA,93138.75,200,NA,0,NA,NA,TRUE,NA
St. Helens,NA,0,190,NA,0,NA,NA,TRUE,NA
Redoubt,NA,27393.75,190,NA,0,NA,NA,TRUE,NA
Wrangell,NA,73050,190,NA,0,NA,NA,TRUE,4
Mauna Loa,NA,0,150,NA,0,NA,NA,TRUE,0
Kīlauea,NA,109575,150,NA,0,NA,NA,TRUE,0
Shasta,NA,0,150,NA,0,NA,NA,TRUE,NA
Redoubt,NA,18262.5,110,NA,0,NA,NA,TRUE,NA
St. Helens,NA,0,100,NA,0,NA,NA,TRUE,0
Mauna Loa,NA,0,100,NA,0,NA,NA,TRUE,0
Haleakala,NA,14610,80,NA,0,NA,NA,TRUE,NA
Redoubt,NA,27393.75,70,NA,0,NA,NA,TRUE,NA
Churchill,NA,73050,63,NA,0,NA,NA,TRUE,6
Shasta,NA,0,50,NA,0,NA,NA,TRUE,0
Mauna Loa,NA,0,50,NA,0,NA,NA,TRUE,0
Three Sisters,NA,73780.5,40,NA,0,NA,NA,TRUE,2
Salton Buttes,NA,36525,10,NA,0,NA,NA,TRUE,NA
Mono-Inyo Craters,NA,73050,10,NA,0,NA,NA,TRUE,NA
Mauna Loa,NA,0,-30,NA,0,NA,NA,TRUE,0
Three Sisters,NA,0,-50,NA,0,NA,NA,TRUE,3
Kīlauea,NA,54787.5,-50,NA,0,NA,NA,TRUE,NA
Kama'ehuakanaloa,NA,1095750,-50,NA,0,NA,NA,TRUE,0
Mauna Loa,NA,0,-60,NA,0,NA,NA,TRUE,0
Mauna Loa,NA,0,-80,NA,0,NA,NA,TRUE,0
Hualalai,NA,27393.75,-80,NA,0,NA,NA,TRUE,0
Redoubt,NA,27393.75,-90,NA,0,NA,NA,TRUE,NA
Redoubt,NA,27393.75,-100,NA,0,NA,NA,TRUE,NA
St. Helens,NA,0,-100,NA,0,NA,NA,TRUE,NA
Okmok,NA,18262.5,-100,NA,0,NA,NA,TRUE,6
Augustine,NA,14610,-120,NA,0,NA,NA,TRUE,NA
Craters of the Moon,NA,18262.5,-130,NA,0,NA,NA,TRUE,0
Ubehebe Craters,NA,0,-150,NA,0,NA,NA,TRUE,NA
Shasta,NA,0,-150,NA,0,NA,NA,TRUE,NA
Rainier,NA,0,-150,NA,0,NA,NA,TRUE,NA
Redoubt,NA,27393.75,-160,NA,0,NA,NA,TRUE,NA
Kīlauea,NA,54787.5,-200,NA,0,NA,NA,TRUE,0
Mauna Loa,NA,0,-200,NA,0,NA,NA,TRUE,0
Redoubt,NA,73050,-210,NA,0,NA,NA,TRUE,NA
Redoubt,NA,27393.75,-220,NA,0,NA,NA,TRUE,NA
St. Helens,NA,0,-220,NA,0,NA,NA,TRUE,NA
St. Helens,NA,0,-250,NA,0,NA,NA,TRUE,NA
Rainier,NA,73050,-250,NA,0,NA,NA,TRUE,4
Craters of the Moon,NA,9131.25,-260,NA,0,NA,NA,TRUE,0
Kīlauea,NA,27393.75,-270,NA,0,NA,NA,TRUE,0
Redoubt,NA,27393.75,-270,NA,0,NA,NA,TRUE,NA
St. Helens,NA,0,-280,NA,0,NA,NA,TRUE,NA
Haleakala,NA,0,-290,NA,0,NA,NA,TRUE,NA
Salton Buttes,NA,36525,-290,NA,0,NA,NA,TRUE,NA
Wapi Lava Field,NA,0,-300,NA,0,NA,NA,TRUE,2
Adams,NA,0,-300,NA,0,NA,NA,TRUE,2
Mauna Loa,NA,0,-300,NA,0,NA,NA,TRUE,0
Augustine,NA,36525,-310,NA,0,NA,NA,TRUE,NA
Augustine,NA,73050,-350,NA,0,NA,NA,TRUE,NA
Ukinrek Maars,NA,0,-350,NA,0,NA,NA,TRUE,NA
Hualalai,NA,27393.75,-350,NA,0,NA,NA,TRUE,0
Redoubt,NA,27393.75,-350,NA,0,NA,NA,TRUE,NA
Craters of the Moon,NA,0,-350,NA,0,NA,NA,TRUE,0
Three Sisters,NA,0,-350,NA,0,NA,NA,TRUE,4
Aniakchak,NA,76702.5,-370,NA,0,NA,NA,TRUE,NA
Redoubt,NA,27393.75,-380,NA,0,NA,NA,TRUE,NA
Redoubt,NA,27393.75,-390,NA,0,NA,NA,TRUE,NA
Haleakala,NA,14610,-390,NA,0,NA,NA,TRUE,NA
Hualalai,NA,27393.75,-400,NA,0,NA,NA,TRUE,0
Mauna Loa,NA,0,-400,NA,0,NA,NA,TRUE,0
Redoubt,NA,27393.75,-400,NA,0,NA,NA,TRUE,NA
Adams,NA,0,-400,NA,0,NA,NA,TRUE,2
Rainier,NA,18262.5,-400,NA,0,NA,NA,TRUE,NA
Kīlauea,NA,36525,-410,NA,0,NA,NA,TRUE,0
Redoubt,NA,27393.75,-420,NA,0,NA,NA,TRUE,NA
Hualalai,NA,18262.5,-440,NA,0,NA,NA,TRUE,0
Redoubt,NA,27393.75,-450,NA,0,NA,NA,TRUE,NA
Iliamna,NA,0,-450,NA,0,NA,NA,TRUE,NA
Redoubt,NA,27393.75,-470,NA,0,NA,NA,TRUE,NA
Rainier,NA,18262.5,-500,NA,0,NA,NA,TRUE,NA
Mauna Loa,NA,0,-500,NA,0,NA,NA,TRUE,0
Mageik,NA,18262.5,-500,NA,0,NA,NA,TRUE,NA
St. Helens,NA,0,-530,NA,0,NA,NA,TRUE,5
Adams,NA,365250,-550,NA,0,NA,NA,TRUE,2
Shasta,NA,182625,-550,NA,0,NA,NA,TRUE,NA
Tanaga,NA,913125,-550,NA,0,NA,NA,TRUE,NA
Mageik,NA,0,-550,NA,0,NA,NA,TRUE,NA
Makushin,NA,328725,-550,NA,0,NA,NA,TRUE,NA
Haleakala,NA,18262.5,-580,NA,0,NA,NA,TRUE,NA
Mauna Loa,NA,0,-600,NA,0,NA,NA,TRUE,0
Redoubt,NA,27393.75,-600,NA,0,NA,NA,TRUE,NA
Redoubt,NA,36525,-610,NA,0,NA,NA,TRUE,NA
Rainier,NA,36525,-610,NA,0,NA,NA,TRUE,NA
Redoubt,NA,36525,-620,NA,0,NA,NA,TRUE,NA
Rainier,NA,18262.5,-650,NA,0,NA,NA,TRUE,NA
Shasta,NA,292200,-650,NA,0,NA,NA,TRUE,NA
Mageik,NA,0,-650,NA,0,NA,NA,TRUE,NA
Redoubt,NA,36525,-670,NA,0,NA,NA,TRUE,NA
Rainier,NA,18262.5,-700,NA,0,NA,NA,TRUE,NA
Mono-Inyo Craters,NA,292200,-700,NA,0,NA,NA,TRUE,NA
Hualalai,NA,27393.75,-720,NA,0,NA,NA,TRUE,0
Redoubt,NA,36525,-770,NA,0,NA,NA,TRUE,NA
Redoubt,NA,36525,-790,NA,0,NA,NA,TRUE,NA
St. Helens,NA,0,-800,NA,0,NA,NA,TRUE,NA
Belknap,NA,109575,-800,NA,0,NA,NA,TRUE,2
Three Sisters,NA,0,-800,NA,0,NA,NA,TRUE,2
Kīlauea,NA,0,-800,NA,0,NA,NA,TRUE,0
Martin,NA,18262.5,-800,NA,0,NA,NA,TRUE,NA
Yantarni,NA,182625,-800,NA,0,NA,NA,TRUE,5
St. Helens,NA,27393.75,-830,NA,0,NA,NA,TRUE,NA
Redoubt,NA,36525,-830,NA,0,NA,NA,TRUE,NA
Glacier Peak,NA,0,-850,NA,0,NA,NA,TRUE,NA
Shasta,NA,0,-850,NA,0,NA,NA,TRUE,NA
Redoubt,NA,36525,-870,NA,0,NA,NA,TRUE,NA
Mauna Loa,NA,0,-950,NA,0,NA,NA,TRUE,0
Sand Mountain Field,NA,73050,-950,NA,0,NA,NA,TRUE,4
Medicine Lake,NA,0,-1000,NA,0,NA,NA,TRUE,NA
St. Helens,NA,0,-1010,NA,0,NA,NA,TRUE,NA
Belknap,NA,109575,-1030,NA,0,NA,NA,TRUE,0
Redoubt,NA,36525,-1040,NA,0,NA,NA,TRUE,NA
Redoubt,NA,0,-1050,NA,0,NA,NA,TRUE,NA
Buzzard Creek,NA,0,-1050,NA,0,NA,NA,TRUE,2
Tanaga,NA,0,-1050,NA,0,NA,NA,TRUE,0
Hualalai,NA,73050,-1080,NA,0,NA,NA,TRUE,0
Redoubt,NA,54787.5,-1080,NA,0,NA,NA,TRUE,NA
Redoubt,NA,36525,-1100,NA,0,NA,NA,TRUE,NA
St. Helens,NA,0,-1100,NA,0,NA,NA,TRUE,NA
Medicine Lake,NA,0,-1130,NA,0,NA,NA,TRUE,0
Haleakala,NA,10957.5,-1140,NA,0,NA,NA,TRUE,NA
Hualalai,NA,27393.75,-1150,NA,0,NA,NA,TRUE,0
Shasta,NA,0,-1150,NA,0,NA,NA,TRUE,NA
Redoubt,NA,36525,-1150,NA,0,NA,NA,TRUE,NA
Koniuji,NA,693975,-1150,NA,0,NA,NA,TRUE,NA
Zuni-Bandera,NA,109575,-1170,NA,0,NA,NA,TRUE,0
St. Helens,NA,0,-1180,NA,0,NA,NA,TRUE,NA
Redoubt,NA,36525,-1210,NA,0,NA,NA,TRUE,NA
Haleakala,NA,0,-1240,NA,0,NA,NA,TRUE,NA
Jordan Craters,NA,0,-1250,NA,0,NA,NA,TRUE,2
St. Paul Island,NA,14610,-1280,NA,0,NA,NA,TRUE,NA
Mauna Loa,NA,0,-1300,NA,0,NA,NA,TRUE,0
Redoubt,NA,36525,-1310,NA,0,NA,NA,TRUE,NA
Haleakala,NA,0,-1310,NA,0,NA,NA,TRUE,NA
Redoubt,NA,36525,-1350,NA,0,NA,NA,TRUE,NA
Newberry,NA,0,-1450,NA,0,NA,NA,TRUE,NA
Redoubt,NA,36525,-1510,NA,0,NA,NA,TRUE,NA
Redoubt,NA,36525,-1540,NA,0,NA,NA,TRUE,NA
Kanaga,NA,36525,-1550,NA,0,NA,NA,TRUE,NA
Redoubt,NA,54787.5,-1550,NA,0,NA,NA,TRUE,NA
Hayes,NA,0,-1550,NA,0,NA,NA,TRUE,5
Kīlauea,NA,0,-1550,NA,0,NA,NA,TRUE,0
Redoubt,NA,36525,-1560,NA,0,NA,NA,TRUE,NA
Moffett,NA,0,-1600,NA,0,NA,NA,TRUE,NA
St. Helens,NA,0,-1610,NA,0,NA,NA,TRUE,NA
Aniakchak,NA,3652.5,-1645,NA,0,NA,NA,TRUE,6
Mageik,NA,0,-1650,NA,0,NA,NA,TRUE,NA
Kīlauea,NA,0,-1650,NA,0,NA,NA,TRUE,0
Mauna Loa,NA,0,-1650,NA,0,NA,NA,TRUE,0
Hualalai,NA,73050,-1650,NA,0,NA,NA,TRUE,0
Craters of the Moon,NA,54787.5,-1680,NA,0,NA,NA,TRUE,0
St. Helens,NA,0,-1680,NA,0,NA,NA,TRUE,NA
Redoubt,NA,36525,-1690,NA,0,NA,NA,TRUE,NA
Redoubt,NA,36525,-1700,NA,0,NA,NA,TRUE,NA
Mauna Loa,NA,0,-1700,NA,0,NA,NA,TRUE,0
Martin,NA,0,-1750,NA,0,NA,NA,TRUE,NA
Veniaminof,NA,0,-1750,NA,0,NA,NA,TRUE,6
Makushin,NA,0,-1750,NA,0,NA,NA,TRUE,NA
Mauna Loa,NA,0,-1750,NA,0,NA,NA,TRUE,0
St. Helens,NA,36525,-1770,NA,0,NA,NA,TRUE,5
Griggs,NA,14610,-1790,NA,0,NA,NA,TRUE,NA
Mauna Loa,NA,0,-1800,NA,0,NA,NA,TRUE,0
Haleakala,NA,18262.5,-1800,NA,0,NA,NA,TRUE,NA
Redoubt,NA,54787.5,-1810,NA,0,NA,NA,TRUE,NA
Augustine,NA,109575,-1820,NA,0,NA,NA,TRUE,NA
Hayes,NA,0,-1850,NA,0,NA,NA,TRUE,NA
Adams,NA,0,-1850,NA,0,NA,NA,TRUE,1
Haleakala,NA,0,-1850,NA,0,NA,NA,TRUE,NA
St. Helens,NA,0,-1860,NA,0,NA,NA,TRUE,6
Redoubt,NA,54787.5,-1870,NA,0,NA,NA,TRUE,NA
Dana,NA,0,-1890,NA,0,NA,NA,TRUE,5
Black Peak,NA,54787.5,-1900,NA,0,NA,NA,TRUE,6
Kanaga,NA,109575,-1900,NA,0,NA,NA,TRUE,NA
Haleakala,NA,18262.5,-1900,NA,0,NA,NA,TRUE,NA
Mauna Loa,NA,0,-1900,NA,0,NA,NA,TRUE,0
Haleakala,NA,14610,-1940,NA,0,NA,NA,TRUE,NA
Mageik,NA,36525,-1950,NA,0,NA,NA,TRUE,NA
Mauna Loa,NA,0,-2000,NA,0,NA,NA,TRUE,0
Hualalai,NA,27393.75,-2040,NA,0,NA,NA,TRUE,0
Redoubt,NA,54787.5,-2040,NA,0,NA,NA,TRUE,NA
Augustine,NA,109575,-2040,NA,0,NA,NA,TRUE,NA
Iliamna,NA,0,-2050,NA,0,NA,NA,TRUE,4
Mauna Loa,NA,0,-2050,NA,0,NA,NA,TRUE,0
Shasta,NA,0,-2050,NA,0,NA,NA,TRUE,NA
Kīlauea,NA,0,-2080,NA,0,NA,NA,TRUE,0
St. Helens,NA,109575,-2100,NA,0,NA,NA,TRUE,NA
Haleakala,NA,18262.5,-2120,NA,0,NA,NA,TRUE,NA
Mauna Loa,NA,0,-2150,NA,0,NA,NA,TRUE,0
Kanaga,NA,73050,-2150,NA,0,NA,NA,TRUE,NA
Kīlauea,NA,182625,-2200,NA,0,NA,NA,TRUE,NA
Dotsero,NA,109575,-2200,NA,0,NA,NA,TRUE,2
Haleakala,NA,14610,-2210,NA,0,NA,NA,TRUE,NA
Redoubt,NA,54787.5,-2230,NA,0,NA,NA,TRUE,NA
Mauna Loa,NA,0,-2250,NA,0,NA,NA,TRUE,0
Escanaba Segment,NA,0,-2260,NA,0,NA,NA,TRUE,0
Haleakala,NA,14610,-2260,NA,0,NA,NA,TRUE,NA
Kanaga,NA,54787.5,-2300,NA,0,NA,NA,TRUE,NA
St. Helens,NA,0,-2340,NA,0,NA,NA,TRUE,5
Redoubt,NA,54787.5,-2350,NA,0,NA,NA,TRUE,NA
Mauna Loa,NA,0,-2350,NA,0,NA,NA,TRUE,0
Edgecumbe,NA,51135,-2360,NA,32872.5,-2080,NA,TRUE,NA
Hualalai,NA,27393.75,-2440,NA,0,NA,NA,TRUE,0
Mauna Kea,NA,36525,-2460,NA,0,NA,NA,TRUE,NA
Haleakala,NA,18262.5,-2470,NA,0,NA,NA,TRUE,NA
Mauna Kea,NA,73050,-2540,NA,0,NA,NA,TRUE,NA
Rainier,NA,0,-2550,NA,0,NA,NA,TRUE,3
Shasta,NA,0,-2550,NA,0,NA,NA,TRUE,NA
Aniakchak,NA,182625,-2550,NA,0,NA,NA,TRUE,NA
Amak,NA,182625,-2550,NA,0,NA,NA,TRUE,NA
Craters of the Moon,NA,36525,-2560,NA,0,NA,NA,TRUE,0
Haleakala,NA,14610,-2580,NA,0,NA,NA,TRUE,NA
Koniuji,NA,730500,-2650,NA,0,NA,NA,TRUE,NA
Adams,NA,109575,-2650,NA,0,NA,NA,TRUE,2
Mauna Kea,NA,73050,-2750,NA,0,NA,NA,TRUE,NA
Rainier,NA,0,-2750,NA,0,NA,NA,TRUE,2
Mauna Loa,NA,0,-2750,NA,0,NA,NA,TRUE,0
Hualalai,NA,27393.75,-2770,NA,0,NA,NA,TRUE,0
Davis Lake,NA,0,-2790,NA,0,NA,NA,TRUE,NA
Redoubt,NA,73050,-2830,NA,0,NA,NA,TRUE,NA
Crater Lake,NA,0,-2850,NA,0,NA,NA,TRUE,NA
Kīlauea,NA,0,-2850,NA,0,NA,NA,TRUE,0
Redoubt,NA,73050,-2860,NA,0,NA,NA,TRUE,NA
Redoubt,NA,73050,-2920,NA,0,NA,NA,TRUE,NA
Adams,NA,36525,-2950,NA,0,NA,NA,TRUE,1
North Gorda Ridge Segment,NA,0,-3020,NA,0,NA,NA,TRUE,0
Redoubt,NA,73050,-3030,NA,0,NA,NA,TRUE,NA
Shasta,NA,365250,-3050,NA,0,NA,NA,TRUE,0
Haleakala,NA,14610,-3070,NA,0,NA,NA,TRUE,NA
Medicine Lake,NA,0,-3090,NA,0,NA,NA,TRUE,NA
Redoubt,NA,73050,-3150,NA,0,NA,NA,TRUE,NA
Glacier Peak,NA,0,-3150,NA,0,NA,NA,TRUE,NA
Fisher,NA,27393.75,-3170,NA,0,NA,NA,TRUE,5
Redoubt,NA,73050,-3180,NA,0,NA,NA,TRUE,NA
Medicine Lake,NA,0,-3190,NA,0,NA,NA,TRUE,0
Hell's Half Acre,NA,54787.5,-3250,NA,0,NA,NA,TRUE,0
Carrizozo,NA,182625,-3250,NA,0,NA,NA,TRUE,NA
Mauna Loa,NA,0,-3250,NA,0,NA,NA,TRUE,0
Spurr,NA,0,-3250,NA,0,NA,NA,TRUE,NA
Adams,NA,109575,-3250,NA,0,NA,NA,TRUE,2
Kīlauea,NA,0,-3300,NA,0,NA,NA,TRUE,0
Mauna Loa,NA,0,-3350,NA,0,NA,NA,TRUE,0
Mauna Kea,NA,54787.5,-3370,NA,0,NA,NA,TRUE,NA
Adams,NA,0,-3550,NA,0,NA,NA,TRUE,2
Glacier Peak,NA,0,-3550,NA,0,NA,NA,TRUE,NA
Redoubt,NA,54787.5,-3600,NA,0,NA,NA,TRUE,NA
Rainier,NA,0,-3650,NA,0,NA,NA,TRUE,3
Makushin,NA,675712.5,-3650,NA,0,NA,NA,TRUE,4
Redoubt,NA,54787.5,-3650,NA,0,NA,NA,TRUE,NA
Mauna Kea,NA,73050,-3680,NA,0,NA,NA,TRUE,NA
Redoubt,NA,54787.5,-3690,NA,0,NA,NA,TRUE,NA
Redoubt,NA,54787.5,-3730,NA,0,NA,NA,TRUE,NA
Moffett,NA,0,-3750,NA,0,NA,NA,TRUE,NA
Mauna Loa,NA,0,-3750,NA,0,NA,NA,TRUE,0
Adams,NA,712237.5,-3800,NA,0,NA,NA,TRUE,1
Edgecumbe,NA,25567.5,-3810,NA,0,NA,NA,TRUE,NA
Rainier,NA,73050,-3850,NA,0,NA,NA,TRUE,NA
Mono-Inyo Craters,NA,423690,-3850,NA,0,NA,NA,TRUE,NA
Koniuji,NA,1132275,-3850,NA,0,NA,NA,TRUE,NA
Kaguyak,NA,0,-3850,NA,0,NA,NA,TRUE,5
Redoubt,NA,54787.5,-3890,NA,0,NA,NA,TRUE,NA
Redoubt,NA,54787.5,-4010,NA,0,NA,NA,TRUE,NA
Seguam,NA,1461000,-4050,NA,0,NA,NA,TRUE,0
Shasta,NA,0,-4050,NA,0,NA,NA,TRUE,NA
Adams,NA,182625,-4050,NA,0,NA,NA,TRUE,2
Spurr,NA,0,-4050,NA,0,NA,NA,TRUE,NA
Mono-Inyo Craters,NA,0,-4050,NA,0,NA,NA,TRUE,NA
Kaguyak,NA,54787.5,-4060,NA,0,NA,NA,TRUE,NA
Craters of the Moon,NA,18262.5,-4070,NA,0,NA,NA,TRUE,0
Augustine,NA,36525,-4150,NA,0,NA,NA,TRUE,NA
Akutan,NA,0,-4150,NA,0,NA,NA,TRUE,NA
Craters of the Moon,NA,0,-4250,NA,0,NA,NA,TRUE,0
Mauna Loa,NA,0,-4250,NA,0,NA,NA,TRUE,0
Redoubt,NA,54787.5,-4360,NA,0,NA,NA,TRUE,NA
Mageik,NA,109575,-4400,NA,0,NA,NA,TRUE,NA
Hualalai,NA,36525,-4410,NA,0,NA,NA,TRUE,0
Newberry,NA,0,-4450,NA,0,NA,NA,TRUE,NA
Jefferson,NA,18262.5,-4500,NA,0,NA,NA,TRUE,NA
Redoubt,NA,54787.5,-4510,NA,0,NA,NA,TRUE,NA
Adams,NA,0,-4550,NA,0,NA,NA,TRUE,2
Baker,NA,0,-4550,NA,0,NA,NA,TRUE,3
Craters of the Moon,NA,36525,-4600,NA,0,NA,NA,TRUE,0
Kīlauea,NA,0,-4650,NA,0,NA,NA,TRUE,0
Newberry,NA,54787.5,-4690,NA,0,NA,NA,TRUE,0
Kanaga,NA,54787.5,-4700,NA,0,NA,NA,TRUE,NA
Haleakala,NA,14610,-4760,NA,0,NA,NA,TRUE,NA
Newberry,NA,27393.75,-4770,NA,0,NA,NA,TRUE,NA
Redoubt,NA,54787.5,-4810,NA,0,NA,NA,TRUE,NA
North Gorda Ridge Segment,NA,0,-4840,NA,0,NA,NA,TRUE,0
Rainier,NA,0,-4850,NA,0,NA,NA,TRUE,2
Newberry,NA,54787.5,-4860,NA,0,NA,NA,TRUE,0
Redoubt,NA,54787.5,-4900,NA,0,NA,NA,TRUE,NA
Hood,NA,54787.5,-4940,NA,0,NA,NA,TRUE,2
Newberry,NA,36525,-4960,NA,0,NA,NA,TRUE,NA
Redoubt,NA,54787.5,-4960,NA,0,NA,NA,TRUE,NA
Iliamna,NA,0,-5050,NA,0,NA,NA,TRUE,4
Kama'ehuakanaloa,NA,1826250,-5050,NA,0,NA,NA,TRUE,0
Rainier,NA,0,-5050,NA,0,NA,NA,TRUE,3
Sand Mountain Field,NA,0,-5050,NA,0,NA,NA,TRUE,2
Belknap,NA,0,-5050,NA,0,NA,NA,TRUE,NA
Newberry,NA,54787.5,-5070,NA,0,NA,NA,TRUE,3
Seguam,NA,730500,-5100,NA,0,NA,NA,TRUE,0
Spurr,NA,36525,-5110,NA,0,NA,NA,TRUE,NA
Adams,NA,182625,-5150,NA,0,NA,NA,TRUE,2
Mauna Kea,NA,54787.5,-5150,NA,0,NA,NA,TRUE,NA
Redoubt,NA,54787.5,-5240,NA,0,NA,NA,TRUE,NA
Crater Lake,NA,0,-5250,NA,0,NA,NA,TRUE,NA
Newberry,NA,54787.5,-5260,NA,0,NA,NA,TRUE,0
Mauna Loa,NA,0,-5350,NA,0,NA,NA,TRUE,0
Rainier,NA,0,-5350,NA,0,NA,NA,TRUE,3
Augustine,NA,18262.5,-5420,NA,0,NA,NA,TRUE,NA
Craters of the Moon,NA,54787.5,-5470,NA,0,NA,NA,TRUE,0
Crater Lake,NA,0,-5550,NA,0,NA,NA,TRUE,0
Rainier,NA,0,-5550,NA,0,NA,NA,TRUE,2
Redoubt,NA,54787.5,-5580,NA,0,NA,NA,TRUE,NA
Diamond Craters,NA,171667.5,-5610,NA,0,NA,NA,TRUE,4
Mauna Loa,NA,0,-5650,NA,0,NA,NA,TRUE,0
Crater Lake,NA,54787.5,-5680,NA,0,NA,NA,TRUE,7
West Crater,NA,0,-5750,NA,0,NA,NA,TRUE,2
Bachelor,NA,273937.5,-5800,NA,0,NA,NA,TRUE,NA
Redoubt,NA,54787.5,-5820,NA,0,NA,NA,TRUE,NA
Mauna Loa,NA,0,-5850,NA,0,NA,NA,TRUE,0
Ugashik-Peulik,NA,0,-5850,NA,0,NA,NA,TRUE,NA
Haleakala,NA,14610,-5860,NA,0,NA,NA,TRUE,NA
Craters of the Moon,NA,54787.5,-5890,NA,0,NA,NA,TRUE,0
Crater Lake,NA,18262.5,-5900,NA,0,NA,NA,TRUE,6
Redoubt,NA,54787.5,-5910,NA,0,NA,NA,TRUE,NA
Aniakchak,NA,87660,-5930,NA,0,NA,NA,TRUE,NA
Redoubt,NA,54787.5,-5940,NA,0,NA,NA,TRUE,NA
Redoubt,NA,54787.5,-5950,NA,0,NA,NA,TRUE,NA
Haleakala,NA,14610,-6030,NA,0,NA,NA,TRUE,NA
Shasta,NA,0,-6050,NA,0,NA,NA,TRUE,NA
Spurr,NA,0,-6050,NA,0,NA,NA,TRUE,NA
Redoubt,NA,54787.5,-6050,NA,0,NA,NA,TRUE,NA
Makushin,NA,18262.5,-6100,NA,0,NA,NA,TRUE,5
West Crater,NA,0,-6110,NA,0,NA,NA,TRUE,2
Redoubt,NA,54787.5,-6150,NA,0,NA,NA,TRUE,NA
Redoubt,NA,54787.5,-6190,NA,0,NA,NA,TRUE,NA
Haleakala,NA,18262.5,-6220,NA,0,NA,NA,TRUE,NA
Indian Heaven,NA,36525,-6250,NA,0,NA,NA,TRUE,NA
Mauna Loa,NA,0,-6250,NA,0,NA,NA,TRUE,0
Redoubt,NA,54787.5,-6280,NA,0,NA,NA,TRUE,NA
Aniakchak,NA,456562.5,-6300,NA,0,NA,NA,TRUE,6
Okmok,NA,182625,-6310,NA,0,NA,NA,TRUE,4
Mammoth Mountain,NA,32872.5,-6540,NA,0,NA,NA,TRUE,2
Mauna Loa,NA,0,-6550,NA,0,NA,NA,TRUE,0
Ugashik-Peulik,NA,0,-6550,NA,0,NA,NA,TRUE,NA
Makushin,NA,73050,-6650,NA,0,NA,NA,TRUE,NA
Mauna Loa,NA,0,-6650,NA,0,NA,NA,TRUE,0
Shasta,NA,0,-6650,NA,0,NA,NA,TRUE,NA
Haleakala,NA,36525,-6700,NA,0,NA,NA,TRUE,NA
Mono-Inyo Craters,NA,635535,-6750,NA,0,NA,NA,TRUE,NA
Haleakala,NA,14610,-6760,NA,0,NA,NA,TRUE,NA
Hualalai,NA,73050,-6820,NA,0,NA,NA,TRUE,0
Kama'ehuakanaloa,NA,2556750,-7050,NA,0,NA,NA,TRUE,0
Adams,NA,365250,-7050,NA,0,NA,NA,TRUE,2
Shishaldin,NA,0,-7050,NA,0,NA,NA,TRUE,NA
Mauna Loa,NA,0,-7150,NA,0,NA,NA,TRUE,0
Haleakala,NA,0,-7210,NA,0,NA,NA,TRUE,NA
Redoubt,NA,73050,-7210,NA,0,NA,NA,TRUE,NA
Edgecumbe,NA,60266.25,-7215,NA,0,NA,NA,TRUE,NA
Shasta,NA,0,-7250,NA,0,NA,NA,TRUE,NA
Redoubt,NA,73050,-7270,NA,0,NA,NA,TRUE,NA
Kanaga,NA,182625,-7300,NA,0,NA,NA,TRUE,NA
Seguam,NA,821812.5,-7300,NA,0,NA,NA,TRUE,5
Shasta,NA,0,-7350,NA,0,NA,NA,TRUE,0
Three Sisters,NA,986175,-7350,NA,0,NA,NA,TRUE,2
Mauna Loa,NA,0,-7350,NA,0,NA,NA,TRUE,0
Redoubt,NA,73050,-7380,NA,0,NA,NA,TRUE,NA
Mageik,NA,54787.5,-7380,NA,0,NA,NA,TRUE,NA
Fisher,NA,73050,-7420,NA,0,NA,NA,TRUE,6
Shasta,NA,109575,-7420,NA,0,NA,NA,TRUE,NA
Redoubt,NA,73050,-7430,NA,0,NA,NA,TRUE,NA
Haleakala,NA,109575,-7450,NA,0,NA,NA,TRUE,NA
Hualalai,NA,73050,-7540,NA,0,NA,NA,TRUE,0
Mauna Loa,NA,0,-7550,NA,0,NA,NA,TRUE,0
Shishaldin,NA,0,-7550,NA,0,NA,NA,TRUE,NA
Haleakala,NA,27393.75,-7570,NA,0,NA,NA,TRUE,NA
Roundtop,NA,182625,-7600,NA,0,NA,NA,TRUE,5
Akutan,NA,109575,-7620,NA,0,NA,NA,TRUE,NA
Shasta,NA,36525,-7650,NA,0,NA,NA,TRUE,4
Shasta,NA,0,-7750,NA,0,NA,NA,TRUE,NA
Redoubt,NA,73050,-7800,NA,0,NA,NA,TRUE,NA
Rainier,NA,109575,-7800,NA,0,NA,NA,TRUE,NA
Baker,NA,0,-7850,NA,0,NA,NA,TRUE,NA
Mauna Loa,NA,0,-7850,NA,0,NA,NA,TRUE,0
Moffett,NA,0,-7850,NA,0,NA,NA,TRUE,NA
Haleakala,NA,73050,-7950,NA,0,NA,NA,TRUE,NA
Mauna Loa,NA,0,-8050,NA,0,NA,NA,TRUE,0
Shasta,NA,0,-8050,NA,0,NA,NA,TRUE,NA
Rainier,NA,0,-8050,NA,0,NA,NA,TRUE,3
Craters of the Moon,NA,0,-8290,NA,0,NA,NA,TRUE,NA
Black Butte Crater Lava Field,NA,109575,-8400,NA,0,NA,NA,TRUE,0
Mageik,NA,109575,-8670,NA,0,NA,NA,TRUE,NA
Zuni-Bandera,NA,109575,-8710,NA,0,NA,NA,TRUE,NA
Craters of the Moon,NA,0,-8720,NA,0,NA,NA,TRUE,NA
Craters of the Moon,NA,0,-9050,NA,0,NA,NA,TRUE,NA
Newberry,NA,438300,-9210,NA,0,NA,NA,TRUE,NA
Edgecumbe,NA,18262.5,-9300,NA,0,NA,NA,TRUE,NA
Redoubt,NA,109575,-9310,NA,0,NA,NA,TRUE,NA
Red Hill,NA,146100,-9450,NA,0,NA,NA,TRUE,NA
Red Hill,NA,164362.5,-9700,NA,0,NA,NA,TRUE,NA
Red Hill,NA,182625,-9850,NA,0,NA,NA,TRUE,NA
Craters of the Moon,NA,0,-10060,NA,0,NA,NA,TRUE,NA
Golden Trout Creek,NA,1278375,-55500,NA,0,NA,NA,TRUE,NA
